title,renamed_title,url,duration_seconds,occurence_intervals,randomly_sampled_intervals,relevant
Tom Mustill - Humpback Whales - A Detective Story ( trailer ),video_0000.mp4,https://youtu.be/8j1HWD8KuMM,82,"[('0:00', '0:04'), ('0:30', '0:37'), ('1:11', '1:14')]",,TRUE
Suckling Humpback whale,video_0001.mp4,https://youtu.be/tW_T8Z6ebmg,141,"[('0:30', '0:40')]",,TRUE
Humpback Whales Lunge Feed Among Pod of Dolphins on San Diego Coast,video_0002.mp4,https://youtu.be/oSGhnD5kmAg,104,"[('0:00', '0:10'), ('0:42', '0:46')]",,TRUE
Humpback whales 2017 - Best of by Moorea Ocean Adventures,video_0003.mp4,https://youtu.be/6eWwFNq4i_c,224,"[('0:05', '0:20'), ('0:28', '0:33')]",,TRUE
Amazing! Humpback Whales Lunge Feeding up close! Monterey Bay 9/16/15,video_0004.mp4,https://youtu.be/RMaMmynj76s,75,"[('0:00', '0:15'), ('0:35', '0:40')]",,TRUE
Pod of Humpback Whales Spotted Traveling North Off Hawaii Coast,video_0005.mp4,https://youtu.be/WxrJtmYoHzM,121,"[('0:00', '0:15')]",,TRUE
Shocked Kiteboarder Hits Humpback Whale,video_0006.mp4,https://youtu.be/ym6e3SAuyXg,39,"[('0:20', '0:25')]",,TRUE
Humpback Whales in the Ha'apai islands of Tonga,video_0007.mp4,https://youtu.be/H5xilsOjd2o,167,"[('0:33', '0:37'), ('0:42', '0:52')]",,TRUE
Humpback Whales & Dolphins,video_0008.mp4,https://youtu.be/xE3g5UFS7aI,90,"[('0:00', '0:15')]",,TRUE
Humpback whales breach near BC kayakers,video_0009.mp4,https://youtu.be/8eF3T9nm9KU,139,"[('0:00', '0:07'), ('0:11', '0:20')]",,TRUE
Incredible Moment Humpback Whale High Fives Diver,video_0010.mp4,https://youtu.be/eTlajj5qDoY,88,"[('0:00', '0:10'), ('0:30', '0:35')]",,TRUE
7.30.19 Lunge feeding Humpback Whales,video_0011.mp4,https://youtu.be/Hxj-iHHAa24,111,"[('0:10', '0:20'), ('1:12', '1:15')]",,TRUE
"Baby Orca ""Taken"" By Humpback Whales",video_0012.mp4,https://youtu.be/H3qAaxdjATE,53,"[('0:10', '0:23')]",,TRUE
Humpback Whale Birth,video_0013.mp4,https://youtu.be/4qx_In8Ny2s,130,"[('0:05', '0:20')]",,TRUE
Dolphins Ride on Humpback Whales in Monterey Bay,video_0014.mp4,https://youtu.be/Dz817OfdCWY,97,"[('0:15', '0:20'), ('0:42', '0:52'), ('1:05', '1:15')]",,TRUE
Maui Humpback Whales Breaching,video_0015.mp4,https://youtu.be/bAQ3L_A3TxM,123,"[('0:00', '0:03'), ('1:55', '2:00')]",,TRUE
Incredible Drone And Underwater Footage Of Humpback Whales,video_0016.mp4,https://youtu.be/yCqxJfuthls,118,"[('0:02', '0:17')]",,TRUE
Fisherman Has Close Encounter With Humpback Whales,video_0017.mp4,https://youtu.be/PYtbutOrVXk,39,"[('0:01', '0:07')]",,TRUE
Humpback Whales Jumping (Amazing Drone Footage),video_0018.mp4,https://youtu.be/USlfNF-jgcU,89,"[('0:00', '0:10'), ('0:30', '0:35')]",,TRUE
"My VERY CLOSE encounter with ""Gloria"" the humpback whale",video_0019.mp4,https://youtu.be/MW0BM9hIGFU,405,"[('1:04', '1:20'), ('4:36', '4:40')]",,TRUE
"The Feast, Orcas and Humpback whales hunting herring in Norway",video_0020.mp4,https://youtu.be/0EuMbD4zecQ,137,"[('0:25', '0:35'), ('1:28', '1:34')]",,TRUE
Baby Humpback Whale Rescue,video_0021.mp4,https://youtu.be/z532StqPiB4,562,"[('1:35', '1:37')]",,TRUE
"Drone Footage of Humpback Whales Feeding and Foraging in San Diego, California",video_0022.mp4,https://youtu.be/CFOCC5XpTT0,233,"[('0:00', '0:15')]",,TRUE
"Humpback Whales Pay a Visit,  Whales Charging Boat",video_0023.mp4,https://youtu.be/tIwcaihmF5o,79,"[('0:34', '0:44')]",,TRUE
7.25.19 Lunge Feeding Humpback Whales,video_0024.mp4,https://youtu.be/NIi_ewCqOqI,130,"[('0:00', '0:10'), ('0:55', '1:02')]",,TRUE
Humpback Whales Breach in Marina | Whale Hello,video_0025.mp4,https://youtu.be/pKuR-KEOYm4,50,"[('0:07', '0:12'), ('0:30', '0:35')]",,TRUE
Humpback Whales Lunge Feeding In Monterey Bay!,video_0026.mp4,https://youtu.be/euYTbsjTJyo,98,"[('0:00', '0:15')]",,TRUE
"Swimming with Humpback Whales off Moorea / Tahiti, French Polynesia",video_0027.mp4,https://youtu.be/NavthP7hxsw,63,"[('0:30', '0:45')]",,TRUE
[TweenieZELL] Untamed&Uncut-Humpback Whale Swats Diver,video_0028.mp4,https://youtu.be/jL_jhgN7BBE,110,"[('0:20', '0:35')]",,TRUE
Humpback whale jump underwater and surface,video_0029.mp4,https://youtu.be/g5cKpXH_owc,256,"[('0:10', '0:25')]",,TRUE
8.1.19 Humpback Whales,video_0030.mp4,https://youtu.be/xsV7dykAvRQ,133,"[('0:00', '0:15'), ('0:26', '0:28')]",,TRUE
Daredevil Swims Close To Humpback Whale,video_0031.mp4,https://youtu.be/pGQLxZl3cVQ,81,"[('0:20', '0:33')]",,TRUE
Tangled Mother Humpback Whale Needs Help,video_0032.mp4,https://youtu.be/kkNdxJvrvUg,234,"[('1:05', '1:20')]",,TRUE
close encounter with Humpback Whales,video_0033.mp4,https://youtu.be/HmgagtS6u3k,245,"[('1:34', '1:40')]",,TRUE
Fishermen Save Tangled Humpback Whale,video_0034.mp4,https://youtu.be/Q5N4i_rmNlg,187,"[('0:57', '1:02')]",,TRUE
Humpback Whale Breaching Display on the Gold Coast - Whale Watch Australia,video_0035.mp4,https://youtu.be/0YbyXiMbGUw,138,"[('0:25', '0:40')]",,TRUE
Humpback Whale Backflip Caught on Camera || ViralHog,video_0036.mp4,https://youtu.be/7_FPOHx3Z4g,20,"[('0:07', '0:11')]",,TRUE
Humpback Whale Gets Trapped In Ventura Harbor,video_0037.mp4,https://youtu.be/ZKilos0TpCU,125,"[('1:15', '1:30')]",,TRUE
Rare New Video of Newborn Humpback Whale,video_0038.mp4,https://youtu.be/YN5F8Ne1dY4,83,"[('0:40', '0:48')]",,TRUE
"HUMPBACK WHALE SLAMS FISHING PIER!!!!! Avalon fishing pier, OBX, May 5, 2019",video_0039.mp4,https://youtu.be/bhgwfZPJA7U,31,"[('0:15', '0:20')]",,TRUE
Humpback Whales in 4K w/ Mavic 2 Pro! [BBC Style],video_0040.mp4,https://youtu.be/islcacjS2eg,146,"[('1:10', '1:25')]",,TRUE
39 - OMG Those Are Humpback Whales!,video_0041.mp4,https://youtu.be/DfhSgCVQ7rs,867,"[('2:57', '3:12')]",,TRUE
Humpback Whales Mating,video_0042.mp4,https://youtu.be/rHJtvVMwuqU,194,"[('1:19', '1:29')]",,TRUE
The Future for Humpback Whales | BBC Studios,video_0043.mp4,https://youtu.be/SFgdMhiV0uE,205,"[('0:00', '0:15'), ('1:58', '2:03')]",,TRUE
Humpback whales in watamu becomes a key attraction in Kenya‚Äôs coastal tourism,video_0044.mp4,https://youtu.be/VOCboCg9SMk,109,"[('0:55', '1:00')]",,TRUE
Humpback WHALES spotted at JONES BEACH Long Island,video_0045.mp4,https://youtu.be/UxkWf8fcct8,35,"[11 sec, 26 sec]","[11 sec, 26 sec]",FALSE
Humpback Whale Breaches Near a Boat Off New Jersey,video_0046.mp4,https://youtu.be/TA7nBE2PeXc,32,"[('0:02', '0:05')]",,TRUE
Humpback Whales Monterey Bay 9/15/07,video_0047.mp4,https://youtu.be/O-YlG-pUkG0,45,"[('0:03', '0:10'), ('0:20', '0:24')]",,TRUE
Dave Salmoni Gets Dangerously Close To A Pod of Humpback Whales | Deadly Islands,video_0048.mp4,https://youtu.be/Hh5rZZZwSQ0,476,"[('3:54', '4:04'), ('5:08', '5:12')]",,TRUE
Paddle Boarders Incredible Encounter With Humpback Whale School,video_0049.mp4,https://youtu.be/RxVkTM04JxE,28,"[('0:10', '0:25')]",,TRUE
Humpback Whales Spouting Off || ViralHog,video_0050.mp4,https://youtu.be/wPwfYixE3hY,23,"[('0:07', '0:17')]",,TRUE
"Humpback whale watching at Bay of Samana, Dominican Republic",video_0051.mp4,https://youtu.be/Fp5Yef9Qtnk,88,"[('0:14', '0:24'), ('0:42', '0:46')]",,TRUE
Newfoundland Whale Watching Tours: Humpback Whales Put On A Show,video_0052.mp4,https://youtu.be/tDDHSLyDybo,339,"[('0:00', '0:08'), ('2:00', '2:15')]",,TRUE
Divers and volunteers help to save humpback whale off Peru's coast,video_0053.mp4,https://youtu.be/b2stpTlQ3dU,100,"[('0:45', '0:50'), ('1:00', '1:05'), ('0:00', '0:05')]",,TRUE
Humpback Whales in Pismo Beach from a Paddleboard and Kayak!,video_0054.mp4,https://youtu.be/5DA1y3N6e3k,59,"[('0:00', '0:05'), ('0:52', '0:54'), ('0:10', '0:17')]",,TRUE
Humpback whales feeding | Whale and Dolphin Conservation,video_0055.mp4,https://youtu.be/uOwUO6cZXoM,435,"[('0:00', '0:10'), ('0:15', '0:17'), ('0:44', '0:47'), ('1:20', '1:25'), ('2:22', '2:30')]",,TRUE
Humpback Whales off Rockaways Queens New York City,video_0056.mp4,https://youtu.be/rOMLh7cKaWY,32,"[('0:00', '0:03'), ('0:06', '0:09'), ('0:12', '0:15'), ('0:27', '0:30')]",,TRUE
WILD Humpback Whale Breaching Near Sunset Cliffs San Diego!,video_0057.mp4,https://youtu.be/TDyzP35hTKM,51,"[('0:00', '0:05'), ('0:10', '0:12'), ('0:16', '0:18'), ('0:42', '0:45')]",,TRUE
"Humpback Whales Breaching in S√£o Miguel, Azores Islands | TERRA AZUL‚Ñ¢",video_0058.mp4,https://youtu.be/M7rMGYqtSiA,99,"[('0:43', '0:45'), ('1:02', '1:06')]",,TRUE
Snorkelling with Orcas and Humpback Whales in Northern Norway,video_0059.mp4,https://youtu.be/PnvdiFruV28,205,"[('0:38', '0:43')]",,TRUE
Humpback Whales Startle Kayakers | North America,video_0060.mp4,https://youtu.be/G10_wHNNPeI,154,"[('0:19', '0:25'), ('0:32', '0:38'), ('1:05', '1:13')]",,TRUE
Humpback Whales Bubble Blasting Krill captured with drone for the first time!,video_0061.mp4,https://youtu.be/RJaN1tFUhGI,170,"[('0:08', '0:13'), ('0:17', '0:30')]",,TRUE
Thrilling Humpback Whale experience,video_0062.mp4,https://youtu.be/VZWU4VpTzHQ,316,"[('0:08', '0:16'), ('0:55', '1:00')]",,TRUE
Humpback whales bubble feeding near Great Bear Lodge,video_0063.mp4,https://youtu.be/igkiK8X4x3E,74,"[('0:28', '0:31'), ('0:41', '0:44'), ('0:52', '0:55')]",,TRUE
Tonga Humpback Whales HD 1080 GoPro4,video_0064.mp4,https://youtu.be/DIiCNd7hHHY,286,"[('0:30', '0:45')]",,TRUE
Humpback Whales off Dana Point,video_0065.mp4,https://youtu.be/Gmv4KM5rhOo,78,"[('0:12', '0:20'), ('0:42', '0:49')]",,TRUE
Humpback whale gives show after being rescued.,video_0066.mp4,https://youtu.be/4lrKXCqnBSI,501,"[('3:44', '3:48'), ('4:20', '4:25'), ('4:40', '4:45')]",,TRUE
Entangled Humpback Whale Frees Itself Off Dana Point As Whale Watchers Cheer,video_0067.mp4,https://youtu.be/1-uTTkasjM4,119,"[('0:00', '0:02'), ('0:58', '1:03'), ('1:05', '1:13'), ('1:29', '1:50')]",,TRUE
"Drone Footage of Humpback Whales Breaching, Pec Slapping, Tail Throwing & More!",video_0068.mp4,https://youtu.be/swScjAPHbAQ,107,"[('0:00', '0:15'), ('0:19', '0:21'), ('0:33', '0:35'), ('0:44', '0:47'), ('1:00', '1:02')]",,TRUE
Unbelievable Close Up Footage of a Humpback Whale at Fundy Bay,video_0069.mp4,https://youtu.be/GIFZ-AFQDkg,189,"[('0:00', '0:15')]",,TRUE
Humpback Whale Rescue! | JONATHAN BIRD'S BLUE WORLD,video_0070.mp4,https://youtu.be/M_IpPOUhjTY,559,"[('0:00', '0:03'), ('0:26', '0:36')]",,TRUE
Amazing rare drone footage of a humpback whale off the Cornish coast,video_0071.mp4,https://youtu.be/qUPmIEykGOY,338,"[('3:32', '3:47')]",,TRUE
"Snorkelling with Humpback Whales & Whale Sharks: Ningaloo Coast, Exmouth.",video_0072.mp4,https://youtu.be/MLN1f1rBE3Q,234,"[('1:50', '1:57'), ('2:15', '2:30')]",,TRUE
RARE DRONE FOOTAGE OF HUMPBACK WHALES IN 4K (MOMMA AND HER CALF) üêã,video_0073.mp4,https://youtu.be/QRx2mDWGeQg,140,"[('0:40', '0:47'), ('1:50', '1:58')]",,TRUE
Nice Day with Humpback Whales,video_0074.mp4,https://youtu.be/oCrgwbI8ou0,78,"[('0:05', '0:10'), ('0:39', '0:50')]",,TRUE
Humpback Whale feeding frenzy off Cape Cod coast,video_0075.mp4,https://youtu.be/OUdXby3ONzg,68,"[('0:22', '0:32'), ('0:45', '0:51')]",,TRUE
Humpback whales return in big numbers to Atlantic coast,video_0076.mp4,https://youtu.be/YpnKWU-pBuM,216,"[('0:31', '0:35'), ('0:51', '0:55'), ('1:00', '1:03'), ('1:53', '1:56')]",,TRUE
Humpback Whale in Falmouth Bay,video_0077.mp4,https://youtu.be/N52HJPTd5Zo,127,"[('0:22', '0:25'), ('0:28', '0:33'), ('0:37', '0:40'), ('0:43', '0:45'), ('0:56', '1:00')]",,TRUE
Humpback whale Boa Vista Cabo Verde,video_0078.mp4,https://youtu.be/NIOyxPVfXHA,129,"[('0:39', '0:49'), ('1:55', '2:00')]",,TRUE
7.27.19 Lunge Feeding Humpback Whales,video_0079.mp4,https://youtu.be/h25b8GbHcs8,124,"[('0:28', '0:32'), ('0:35', '0:39'), ('0:54', '0:58'), ('1:18', '1:22')]",,TRUE
Humpback Whale Shows AMAZING Appreciation After Being Freed From Nets,video_0080.mp4,https://youtu.be/yyPH0jjexh0,501,"[('5:47', '5:51'), ('3:36', '3:40'), ('3:45', '3:49'), ('4:10', '4:14')]",,TRUE
"Double Humpback Whale Breach, Bay Bulls, Newfoundland",video_0081.mp4,https://youtu.be/-gpk-qudJzA,74,"[('0:02', '0:05'), ('1:02', '1:05')]",,TRUE
Moorea Humpback whales snorkeling,video_0082.mp4,https://youtu.be/DlBhBLTtoAg,338,"[('0:49', '0:51'), ('1:02', '1:12'), ('3:02', '3:11')]",,TRUE
Breaching humpback whales in maui.,video_0083.mp4,https://youtu.be/h9YLidVhczs,263,"[('0:05', '0:07'), ('1:17', '1:20'), ('1:44', '1:47'), ('1:55', '1:59'), ('2:06', '2:10')]",,TRUE
GoPro: Humpback Whales From A Drone,video_0084.mp4,https://youtu.be/MDtmoV4CdCo,97,"[('0:11', '0:13'), ('0:17', '0:20'), ('0:25', '0:30'), ('0:49', '0:55')]",,TRUE
7.28.19 Humpback Whales,video_0085.mp4,https://youtu.be/2DzgMAK7s4M,118,"[('0:05', '0:10'), ('0:15', '0:21'), ('0:52', '0:59'), ('1:25', '1:31')]",,TRUE
Humpback Whales By Air in Tonga,video_0086.mp4,https://youtu.be/NpeWlH6RyOk,141,"[('0:10', '0:15'), ('0:18', '0:25'), ('0:40', '0:46'), ('0:49', '0:56')]",,TRUE
Humpback Whale Baby Calf Breathing | Diving with Whales | BBC Earth,video_0087.mp4,https://youtu.be/ljZwIcRUd4s,233,"[('0:30', '0:35'), ('0:44', '0:46'), ('0:56', '1:00'), ('2:25', '2:30')]",,TRUE
Drone footage captures pod of 60 humpback whales off Cape Town coast,video_0088.mp4,https://youtu.be/rgmO7MMKcs8,68,"[('0:45', '0:50'), ('0:57', '1:02')]",,TRUE
Ginger Zee swims with humpback whales live on 'GMA',video_0089.mp4,https://youtu.be/UM7m_sCwFwg,416,"[('1:48', '1:52'), ('2:00', '2:03'), ('2:08', '2:15'), ('4:01', '4:15')]",,TRUE
Humpback Whales from Ucluelet and Tofino BC,video_0090.mp4,https://youtu.be/o__-z-lePjA,178,"[('0:17', '0:22'), ('0:23', '0:27'), ('1:19', '1:22'), ('1:27', '1:35'), ('2:11', '2:15')]",,TRUE
Heroes Rescue Humpback Whale from Illegal Fishing Nets,video_0091.mp4,https://youtu.be/pyRrSNQ-mfM,118,"[('0:38', '0:43'), ('1:38', '1:41')]",,TRUE
Humpback Whale Feeding at Avila Beach (Aerial/Drone Footage),video_0092.mp4,https://youtu.be/YwHQKW8l7p0,217,"[('0:38', '0:50'), ('1:55', '1:57'), ('2:28', '2:31')]",,TRUE
Salt Cay Humpback Whales,video_0093.mp4,https://youtu.be/prENP-cteb0,460,"[('0:00', '0:05'), ('0:48', '0:54'), ('5:35', '5:42')]",,TRUE
Sea lions swim next to humpback whale near West Seattle,video_0094.mp4,https://youtu.be/30IWFnuY43w,128,"[('0:00', '0:10'), ('1:22', '1:28')]",,TRUE
Entangled Humpback Whale Thrashes Tail,video_0095.mp4,https://youtu.be/tjfMJYr8dMo,72,"[('0:00', '0:04'), ('0:08', '0:13'), ('0:39', '0:44')]",,TRUE
Underwater film of Humpback whales hunting in shallow water in Norway.,video_0096.mp4,https://youtu.be/YOa8K_B3F2s,459,"[('1:20', '1:25'), ('2:04', '2:20'), ('6:03', '6:10')]",,TRUE
Arabian Sea Humpback Whale (English) Environment Society of Oman ESO,video_0097.mp4,https://youtu.be/gWofeL2RV-g,486,"[('0:17', '0:20'), ('0:43', '0:50'), ('0:56', '1:00'), ('6:27', '6:43')]",,TRUE
Humpback whale breach,video_0098.mp4,https://youtu.be/8gbE745d0uw,26,"[('0:02', '0:06'), ('0:17', '0:22')]",,TRUE
"Megaptera, an insight into the life of humpback whales.",video_0099.mp4,https://youtu.be/91GBC02ru9s,729,"[('3:43', '3:50'), ('3:57', '4:01'), ('4:07', '4:12'), ('8:25', '8:36')]",,TRUE
Humpback Whale Expedition - We arrive on Salt Cay,video_0100.mp4,https://youtu.be/HB-zqdequrs,270,"[120 sec, 135 sec]","[120 sec, 135 sec]",FALSE
"Sea kayaking with humpback whales - Bartlett Cove, Glacier Bay, Alaska",video_0101.mp4,https://youtu.be/hsPsulhkZSU,108,"[('1:30', '1:36'), ('0:55', '1:00')]",,TRUE
"Fukushima news; PACIFIC Humpback Whales in ACUTE decline, Pacific Ocean 90 % Dead post March 2011",video_0102.mp4,https://youtu.be/7bJApapF7QA,1079,,"[984 sec, 999 sec]",FALSE
Humpback whale: Acrobatic animal,video_0104.mp4,https://youtu.be/annlmtwKcQU,26,"[('0:10', '0:20')]",,TRUE
Humpback Whale Firth of Forth #shorts,video_0105.mp4,https://youtu.be/f-XCgIF2uo4,34,"[('0:03', '0:08'), ('0:26', '0:30')]",,TRUE
Humpback whale in Liverpool,video_0106.mp4,https://youtu.be/KlN9m8naRtU,388,,"[145 sec, 160 sec]",FALSE
The incredible moment a humpback whale tips up a motor boat,video_0107.mp4,https://youtu.be/FavL7MOoPKY,87,"[('0:00', '0:14')]",,TRUE
Photographer captures humpback whale,video_0108.mp4,https://youtu.be/8FfbvObOkNA,93,"[('0:28', '0:32')]",,TRUE
Humpback Whale breaches ten times,video_0109.mp4,https://youtu.be/q1eNcoRLzFY,100,,"[53 sec, 68 sec]",FALSE
"Humpback whale ""love taps"" canoe in Hawaii",video_0110.mp4,https://youtu.be/3iL4BxCOT0c,35,,"[7 sec, 22 sec]",FALSE
Humpback Whale Sampler,video_0111.mp4,https://youtu.be/o1bwcna56rk,82,"[('0:05', '0:20'), ('0:40', '0:50')]",,TRUE
"Humpback whale carcass, Torii Station, Okinawa",video_0113.mp4,https://youtu.be/czoy5r0O7yk,87,,"[57 sec, 72 sec]",FALSE
Orcas and humpback whale in northen Norway,video_0114.mp4,https://youtu.be/f2zwJX3cTyU,214,,"[1 sec, 16 sec]",FALSE
GTA 5 | How to play as humpback whale? | Grand Theft Auto V,video_0115.mp4,https://youtu.be/xYJ7msi3tAk,509,,"[209 sec, 224 sec]",FALSE
"(3-second clip) Kirk tells Spock, pair of humpback whales named George and Gracie. Star Trek IV",video_0116.mp4,https://youtu.be/LMc3Va0D1rQ,3,,"[2 sec, 5 sec]",FALSE
Fur Seals and Whales Feast on Krill | Blue Planet | BBC Earth,video_0117.mp4,https://youtu.be/esGp4P23gK8,222,"[('0:50', '0:55'), ('0:58', '1:05'), ('1:11', '1:22'), ('1:36', '1:40')]",,TRUE
Humpback Whale Stranded - South Africa,video_0118.mp4,https://youtu.be/HbTKPauv_Iw,172,"[('0:10', '0:25')]",,TRUE
Phoebe's Humpback Whale Adventure (Accessible Preview),video_0119.mp4,https://youtu.be/xsH4lWUWqg8,103,"[('0:15', '0:17'), ('0:23', '0:33')]",,TRUE
Top 10 Tourist Attractions in Alaska's Inside Passage.Full HD,video_0121.mp4,https://youtu.be/YcvV3HkzC-g,512,"[('3:01', '3:18')]",,TRUE
TOP 10 Largest SEA CREATURES by LENGTH,video_0122.mp4,https://youtu.be/vD8wIOxXvEw,391,,"[364 sec, 379 sec]",FALSE
Top 10 LARGEST Animals in the WORLD 2019!!,video_0123.mp4,https://youtu.be/o7Q-wsuH-aI,440,,"[132 sec, 147 sec]",FALSE
"GTA5 ALL UNDERWATER ANIMALS LOCATIONS!!! (Humpback Whale, Hammerhead Shark & MORE!)",video_0124.mp4,https://youtu.be/ilor0A-s3ts,175,,"[60 sec, 75 sec]",FALSE
Marine Life Spotlight: Humpback Whale,video_0125.mp4,https://youtu.be/eBuZzZsA_4g,41,,"[20 sec, 35 sec]",FALSE
"Top 10 reasons to move to San Diego, California. Vacation, Visit or live in San Diego.",video_0126.mp4,https://youtu.be/_MyNFyMxav8,544,,"[227 sec, 242 sec]",FALSE
"Orca Killer whale killing a humpback whale calf, Rare underwater footage",video_0128.mp4,https://youtu.be/DfLEqqh-unM,64,"[('0:39', '0:49')]",,TRUE
megalodon attacks humpback ?,video_0129.mp4,https://youtu.be/GfuapW5mKms,61,,"[0 sec, 15 sec]",FALSE
Humpback Whale Washes Up on Rehoboth Beach Shore,video_0130.mp4,https://youtu.be/n60_WUScyFw,107,,"[37 sec, 52 sec]",FALSE
Humpback whale carcass being examined,video_0131.mp4,https://youtu.be/flGWwcEBh0g,90,,"[38 sec, 53 sec]",FALSE
Top 10 INDIANS MOST POWERFUL WEAPONS 2019,video_0132.mp4,https://youtu.be/fBosTF8xJB8,390,,"[171 sec, 186 sec]",FALSE
Humpback whale sighting at Land's End,video_0133.mp4,https://youtu.be/NGBQaGXcAfI,75,,"[42 sec, 57 sec]",FALSE
Bobby Lee: HUMPBACK WHALE TALKING (with Justin Kirk),video_0134.mp4,https://youtu.be/udECkIb8yfM,443,,"[72 sec, 87 sec]",FALSE
gray whale video re-edited 5-10-10.wmv,video_0135.mp4,https://youtu.be/-82rlEvkgas,426,,"[380 sec, 395 sec]",FALSE
Top 10 Brazil Google Street View,video_0136.mp4,https://youtu.be/ccFVrRp6MzM,94,,"[77 sec, 92 sec]",FALSE
Rescuers free humpback whale tangled in fishing gear,video_0137.mp4,https://youtu.be/QkdLwpdJ4FM,170,"[('0:20', '0:25'), ('0:35', '0:42')]",,TRUE
"Blue Whales, Socializing Risso's Dolphins and Humpback Whales",video_0138.mp4,https://youtu.be/n67_y4gSAP8,78,,"[19 sec, 34 sec]",FALSE
"The BEST & ULTIMATE  Whale & Wildlife Watching Tour Boats in Victoria, BC: Eagle Wing Tours",video_0139.mp4,https://youtu.be/RD9tUmDl9H0,66,,"[1 sec, 16 sec]",FALSE
Killer Whales Kill A Gray Whale Calf Monterey Bay,video_0140.mp4,https://youtu.be/lQ4LXNmkOPY,206,,"[56 sec, 71 sec]",FALSE
10 Best Infinity Pools in the World,video_0141.mp4,https://youtu.be/mDpART5GWWQ,177,,"[154 sec, 169 sec]",FALSE
Top Biggest Things Ever,video_0142.mp4,https://youtu.be/Wgc5eo7w1tc,1271,,"[519 sec, 534 sec]",FALSE
Killer Whales feed on carcass with Humpback Whales chasing them,video_0143.mp4,https://youtu.be/OoeAGM8Sxro,395,"[('0:08', '0:20')]",,TRUE
Whale Watch Kaikoura -  Marine Experience in 90 Secs,video_0144.mp4,https://youtu.be/wzQs3IuJtmY,94,,"[2 sec, 17 sec]",FALSE
Ferry hits humpback whale in Elliott Bay,video_0145.mp4,https://youtu.be/tBrxJMwLdfA,90,,"[19 sec, 34 sec]",FALSE
"Stranded Deep | SHARK HUNTING AND HUMPBACK WHALES | ""Funny Moments""",video_0146.mp4,https://youtu.be/IigXYyw1WRs,1150,,"[56 sec, 71 sec]",FALSE
Humpback Whale Crashes 22 for 22 Pushup Challenge: PTSD Awareness,video_0147.mp4,https://youtu.be/FbMmdVdKT24,87,"[('0:25', '0:38')]",,TRUE
Washington state ferry hits a humpback whale in Seattle's Elliott Bay,video_0148.mp4,https://youtu.be/zVrFxlV2GSo,588,,"[475 sec, 490 sec]",FALSE
Maui Adventure Tours Kayak Co.,video_0500.mp4,https://youtu.be/MfvghiAzt70,36,,"[14 sec, 29 sec]",FALSE
Creen que esta es su finca privada | Flor Mizrachi | 4-3-2020,video_0501.mp4,https://youtu.be/OOrt72vZRc8,242,,"[153 sec, 168 sec]",FALSE
Japan's first commercial whale catch after 30 years| CCTV English,video_0502.mp4,https://youtu.be/ECMV6PcuBgs,123,,"[80 sec, 95 sec]",FALSE
Cabo San Lucas: MARINA - Mexico (4K),video_0503.mp4,https://youtu.be/BxH-fYBHggI,194,,"[75 sec, 90 sec]",FALSE
BEHIND THE SCENES | Futurismo Azores,video_0504.mp4,https://youtu.be/jSX7_paIBpY,261,,"[57 sec, 72 sec]",FALSE
MOROCCOSECRET-PLACCES PRESENTED FIRMM //THE BEST WHALE WATCHING IN THE STREET OF GIBRALTER//,video_0505.mp4,https://youtu.be/rong9q868QE,135,,"[100 sec, 115 sec]",FALSE
üî¥ AO VIVO DE PIPELINE: DI√ÅRIO DO HAVA√ç #11 | Marcelo Trekinho e Gabriel Pastori | Canal Off,video_0507.mp4,https://youtu.be/qCJTmw1h0aE,3622,,"[1268 sec, 1283 sec]",FALSE
Spot a spout: Winter whale watching on the Oregon Coast,video_0509.mp4,https://youtu.be/gcUW3so4dnI,45,,"[11 sec, 26 sec]",FALSE
Young humpback whale beached at Waldport will be euthanized,video_0511.mp4,https://youtu.be/bEXeNRQJTrI,359,,"[132 sec, 147 sec]",FALSE
Note 10+ 4k Whale Shark Video sample,video_0513.mp4,https://youtu.be/tRTf80C_Mwo,81,,"[53 sec, 68 sec]",FALSE
quick video of position of dead whale,video_0514.mp4,https://youtu.be/aylR3GTN_G4,134,,"[100 sec, 115 sec]",FALSE
Boat interferes with wildlife? Good Friday 2020,video_0515.mp4,https://youtu.be/-IPEZY1Cl48,141,,"[11 sec, 26 sec]",FALSE
TOP10 BIGGEST ANIMALS IN THE WORLD,video_0518.mp4,https://youtu.be/3snEBpWjM8s,698,,"[356 sec, 371 sec]",FALSE
Humpback Whale Guide | Deeeep.io Tutorials,video_0522.mp4,https://youtu.be/cMhK95n7_1k,675,,"[506 sec, 521 sec]",FALSE
"16 Days in French Polynesia | Tahiti, Bora Bora, Rangiroa, and Fakarava",video_0523.mp4,https://youtu.be/qH545TpcFRQ,569,,"[433 sec, 448 sec]",FALSE
"James Whale Breaks The News (Episode Eight, 20th September 2019)",video_0524.mp4,https://youtu.be/TJQXWw4Wl28,2736,,"[2116 sec, 2131 sec]",FALSE
WHALE WATCHING: A whale is seen swimming in Seaplane Lagoon in the city of Alameda.,video_0528.mp4,https://youtu.be/eTMYRgaysyE,278,,"[88 sec, 103 sec]",FALSE
Rare drone footage of Baird's Beaked Whales,video_0531.mp4,https://youtu.be/nmiA6kz_P0I,118,,"[72 sec, 87 sec]",FALSE
Wow Moment: Rescuers race to save stranded whales,video_0533.mp4,https://youtu.be/Tgl51EsJ-zU,63,,"[18 sec, 33 sec]",FALSE
Baby sea lions trapped in La Jolla,video_0534.mp4,https://youtu.be/h07AIkRxmzA,131,,"[74 sec, 89 sec]",FALSE
DISTURBING: Whales wash up on the beach in Georgia,video_0535.mp4,https://youtu.be/ZdkpfpuCGzM,194,,"[11 sec, 26 sec]",FALSE
Stranded whale on Oregon beach euthanized,video_0537.mp4,https://youtu.be/aJ6eb2pXvOg,85,,"[36 sec, 51 sec]",FALSE
Virginia Beach police investigating deadly shooting on Whitney Court,video_0538.mp4,https://youtu.be/V2Sp6V3wbyU,28,,"[1 sec, 16 sec]",FALSE
Five Years Ago Today: A Poaching Vessel Goes Down,video_0539.mp4,https://youtu.be/M3dRSE4j8zQ,132,,"[106 sec, 121 sec]",FALSE
"Killer Whales (orcas) chase my boat in Active Pass, Vancouver Island Coast, BC Canada",video_0541.mp4,https://youtu.be/EtEoB9bWER8,221,,"[202 sec, 217 sec]",FALSE
INDONESIA 2020 | Aerial Cinematic Drone (4k),video_0543.mp4,https://youtu.be/Ed2zKpQm4-c,705,,"[6 sec, 21 sec]",FALSE
"""Malpelo Island""  Dive Expedition, Colombia 10.-18.02.2020",video_0545.mp4,https://youtu.be/CRx85-q08y4,355,,"[267 sec, 282 sec]",FALSE
"Scuba Diving in the Maldives - Tiger Sharks in Fuvamulah, Grey Reef Sharks, Green Sea Turtles",video_0547.mp4,https://youtu.be/lh8y7YZlyzE,276,,"[191 sec, 206 sec]",FALSE
"Schuylkill river fishing ,,,,,, August 1to10",video_0548.mp4,https://youtu.be/jbTaVw9X7fs,1149,,"[480 sec, 495 sec]",FALSE
"4to dia Rep√∫blica Dominicana - PLAYITA, LAS GALERAS , SAMAN√Å",video_0549.mp4,https://youtu.be/mL_dVpmtA5Y,741,,"[501 sec, 516 sec]",FALSE
Akula II SSN,video_0550.mp4,https://youtu.be/D8ZhkToa3l4,1652,,"[316 sec, 331 sec]",FALSE
Avalon Gall Dominates Women's Round 2 with Solid Effort for 7.33,video_0552.mp4,https://youtu.be/f7pg0QeXls8,37,,"[9 sec, 24 sec]",FALSE
Idaho's Kokanee Hatcheries,video_0554.mp4,https://youtu.be/Iy_vEjINBpI,245,,"[77 sec, 92 sec]",FALSE
AYO MAIN TANAH! | RC ADVENTURE | SCX10 II CLONE | AUSTAR KIT | JEEP WRANGLER HARDBODY,video_0555.mp4,https://youtu.be/jDYyjw6ojlk,100,,"[40 sec, 55 sec]",FALSE
2 beached whales taken to Tarpon Springs facility,video_0557.mp4,https://youtu.be/b7iJbj8tkUw,140,,"[58 sec, 73 sec]",FALSE
DB2019 - RDP: (Troll) Despacito - Luis Fonsi ft. Daddy Yankee,video_0558.mp4,https://youtu.be/fOjO_szyqds,15,,"[7 sec, 22 sec]",FALSE
Como transmitir c√¢mera IP ao vivo para um site ou blog,video_0559.mp4,https://youtu.be/lHnDDgMUgtI,612,,"[67 sec, 82 sec]",FALSE
Que hacer en Mazunte Oaxaca Pueblo M√°gico y sus hermosas playas,video_0560.mp4,https://youtu.be/uw9cLrQM1Pk,118,,"[21 sec, 36 sec]",FALSE
Bystanders help save pod of beached whales,video_0562.mp4,https://youtu.be/LEpyhZ5rQLs,46,,"[22 sec, 37 sec]",FALSE
Help Us Protect Cabo Verde's Sea Turtles,video_0563.mp4,https://youtu.be/5i2frhQKn-g,718,,"[493 sec, 508 sec]",FALSE
Lazy anchovies and sardines in the Kelp Forest üò¥üêüüêü | Live From Monterey Bay!,video_0565.mp4,https://youtu.be/ECWGcmvZpV8,385,,"[6 sec, 21 sec]",FALSE
Couple lost on Valentines Day hike is rescued,video_0566.mp4,https://youtu.be/nkP4yVwOhCI,76,,"[28 sec, 43 sec]",FALSE
Gray Whale Trio Migrates With Dolphin Companions | Capt. Dave's Dana Point Whale Watching,video_0567.mp4,https://youtu.be/gFEIKBDdGcw,85,,"[62 sec, 77 sec]",FALSE
Chaweng Beach Koh Samui Thailand,video_0568.mp4,https://youtu.be/GY6taj-Jq6c,139,,"[1 sec, 16 sec]",FALSE
Yeison Vargas SS 2020 Class From Ezequier Baseball Academy)AT Bat Date: 09.08.2019,video_0569.mp4,https://youtu.be/F8Z6uFof2hc,93,,"[60 sec, 75 sec]",FALSE
Hammerhead,video_0570.mp4,https://youtu.be/XLa7-yEe6mw,31,,"[3 sec, 18 sec]",FALSE
"THOUSANDS OF FISH!!- Offshore Fishing- Orange Beach, Alabama",video_0572.mp4,https://youtu.be/XE3X-qojbN0,627,,"[465 sec, 480 sec]",FALSE
"Island Tour of Turks and Caicos, Providenciales (2020)",video_0573.mp4,https://youtu.be/mCDhahtg5zY,241,,"[213 sec, 228 sec]",FALSE
Dwarf Minke Whales - Great Barrier Reef,video_0574.mp4,https://youtu.be/VVIocpGPtCk,60,,"[39 sec, 54 sec]",FALSE
RAFT deutsch ü¶à S2E60: Schnittige Seiten & Schrott tauchen  ü¶à german gameplay,video_0575.mp4,https://youtu.be/Qy5I9LWfb2I,1973,,"[160 sec, 175 sec]",FALSE
Jigging for Walleye & Pike (We found a Sunken Building!),video_0576.mp4,https://youtu.be/0IN4lypb0Fg,380,,"[255 sec, 270 sec]",FALSE
Grand Princess Cruise Ship arrives into San Francisco Bay Area,video_0577.mp4,https://youtu.be/pwGtAWV1qE0,181,,"[5 sec, 20 sec]",FALSE
IMD Issues cycolne alert along Arabian Sea as heat wave grips Odisha | Kalinga TV,video_0578.mp4,https://youtu.be/bpZFp9-u77s,373,,"[73 sec, 88 sec]",FALSE
SeaWorld Orlando to end killer-whale show next week,video_0579.mp4,https://youtu.be/dkFCC8IjL0U,114,,"[90 sec, 105 sec]",FALSE
"Orcas & Fjords, Troms√∏, Norway, 14JAN2020",video_0581.mp4,https://youtu.be/udGKzhJf17s,467,,"[118 sec, 133 sec]",FALSE
Surfers cited for accessing closed beach by boat,video_0582.mp4,https://youtu.be/w2qJ7JFQKhA,116,,"[51 sec, 66 sec]",FALSE
Here's How Bradley Fighting Vehicles Work,video_0584.mp4,https://youtu.be/CF5_Q58quH0,605,,"[378 sec, 393 sec]",FALSE
SAK-V002.10 Best Places to Visit in South Africa,video_0587.mp4,https://youtu.be/BgE6rIK_Kcg,701,,"[33 sec, 48 sec]",FALSE
Beached Whales Off Redington Beach Successfully Rescued,video_0589.mp4,https://youtu.be/uHnJcomdUJw,43,,"[17 sec, 32 sec]",FALSE
The Sea Shepherds Battle Storm To Save Crew In Peril | Whale Wars,video_0590.mp4,https://youtu.be/iIv_vWPcC6g,476,,"[22 sec, 37 sec]",FALSE
VIDEO: Newborn sperm whale dies after beaching itself in Palm Beach,video_0591.mp4,https://youtu.be/oqNfj5rXj74,134,,"[84 sec, 99 sec]",FALSE
·Ä°·ÄÅ·Äª·Ä≠·Äî·Ä∫·Äî·Ä≤·Ä∑·Äï·Äê·Ä∫·Äû·ÄÄ·Ä∫·Äï·Äº·ÄÆ·Ä∏ ·Äû·ÄÆ·Ä°·Ä≠·ÄØ·Äõ·ÄÆ·ÄÄ·Ä≠·ÄØ ·Äë·ÄØ·Äê·Ä∫·ÄÅ·Ä≤·Ä∑·Äê·Ä≤·Ä∑ ·Äâ·Ä¨·Äè·Ä∫·ÄÄ·Äº·ÄÆ·Ä∏·Äõ·Äæ·ÄÑ·Ä∫ ·ÄÖ·Äê·ÄÆ·Äó·ÄÑ·Ä∫·Äü·Ä±·Ä¨·Ä∑·ÄÄ·ÄÑ·Ä∫·Ä∏,video_0593.mp4,https://youtu.be/SBmgYkaZk1Q,403,,"[332 sec, 347 sec]",FALSE
HAWAII TRIP 2019 ÂÉï„ÅÆÂ•Ω„Åç„Å™„Éè„ÉØ„Ç§ „Ç®„Éî„ÇΩ„Éº„Éâ9„ÄåÁ∑ë„Å´Áôí„Åï„Çå„Å¶„Äç„Ç¶„Ç§„É≥„Éâ„ÉØ„Éº„Éâ„Ç∑„ÉÜ„Ç£„Ç∑„Éß„ÉÉ„Éî„É≥„Ç∞„Çª„É≥„Çø„Éº„Å®„Éõ„Ç™„Éû„É´„Éí„Ç¢„Éú„Çø„Ç¢„Éã„Ç´„É´„Ç¨„Éº„Éá„É≥,video_0594.mp4,https://youtu.be/s3OHU9uA6ok,997,,"[409 sec, 424 sec]",FALSE
Underwater footage of Pacific white-sided dolphins and northern right whale dolphins,video_0595.mp4,https://youtu.be/YZ3CTiWiCoM,57,,"[38 sec, 53 sec]",FALSE
Wave Of The Day: Pipeline,video_0597.mp4,https://youtu.be/v4j1CLIiUfA,49,,"[20 sec, 35 sec]",FALSE
Wildlife cameraman close encounter with a beached orca,video_0598.mp4,https://youtu.be/FSRXqtklheY,174,,"[122 sec, 137 sec]",FALSE
Was that a dolphin I saw in Puget Sound?,video_0599.mp4,https://youtu.be/srZUrDiO3z4,409,,"[261 sec, 276 sec]",FALSE
November 2019 Whale Watching Highlights | Auckland Whale & Dolphin Safari,video_0600.mp4,https://youtu.be/DPPVML2t3RU,30,,"[10 sec, 25 sec]",FALSE
Orcas in Calm Waters,video_0601.mp4,https://youtu.be/-p65-uZ9dpY,119,,"[100 sec, 115 sec]",FALSE
Bahia Solano Part 1- COLOMBIA'S PACIFIC COAST,video_0603.mp4,https://youtu.be/GeUlKnt2lAY,508,,"[348 sec, 363 sec]",FALSE
'She Helped People. That's What She Did': First Indiana Patient Killed by Coronavirus Leaves Behind,video_0604.mp4,https://youtu.be/nLwHFZWZbqw,107,,"[83 sec, 98 sec]",FALSE
Couple Apparently Drowns Off Far Rockaway Beach,video_0605.mp4,https://youtu.be/yWOiRH99s4M,110,,"[9 sec, 24 sec]",FALSE
The Fish That Gave Cape Cod Its Name Are All But Gone. What Happened?,video_0607.mp4,https://youtu.be/nEiJEssX4X8,194,,"[58 sec, 73 sec]",FALSE
Avengers: Endgame (2019) - A Pod of Whales In The Hudson,video_0608.mp4,https://youtu.be/-ze1bHnqOt0,24,,"[5 sec, 20 sec]",FALSE
Safari II: Cabo Verde to South Africa via Brazil,video_0610.mp4,https://youtu.be/9uWKo_0ajnw,337,,"[51 sec, 66 sec]",FALSE
„Éè„ÉØ„Ç§„Å´Ë°å„Å£„Å¶„Åç„Åü„Åù„ÄÇ2020ÂÜ¨ / I went to Hawaii 2020 winter. #„Éè„ÉØ„Ç§ÊóÖË°åVlog,video_0612.mp4,https://youtu.be/-j2UvqqeFag,723,,"[95 sec, 110 sec]",FALSE
5 Things You Need For Your Norway Winter Trip,video_0614.mp4,https://youtu.be/A0oQYJUJWE4,11,,"[8 sec, 19 sec]",FALSE
Adolescent Grizzly Hunts Elk Herd || ViralHog,video_0617.mp4,https://youtu.be/y3hSkTvFS-o,44,,"[3 sec, 18 sec]",FALSE
"Lava Heat Causing Highway 132 Project Delays (Sept. 3, 2019)",video_0618.mp4,https://youtu.be/-ogZNJy2IOY,451,,"[124 sec, 139 sec]",FALSE
DRIFTA FRASER ISLAND TRIP 2019 - COMING SOON,video_0619.mp4,https://youtu.be/ASSf3MGJLsI,71,,"[0 sec, 15 sec]",FALSE
Orcas trapped in a ‚Äòwhale jail‚Äô in eastern Russia are on their way to freedom.,video_0620.mp4,https://youtu.be/rbF_ec0BYt4,115,,"[50 sec, 65 sec]",FALSE
Humpback whale breach 7-10-14,video_0621.mp4,https://youtu.be/I82N9I_SVmM,59,"[('0:30', '0:48')]",,TRUE
Whales-n-Sails flipper slapping humpback whales July 7/10,video_0622.mp4,https://youtu.be/bE6FxjPbYcc,78,"[('0:36', '0:50')]",,TRUE
Whales-n-Sails humpback whales July 3/10,video_0623.mp4,https://youtu.be/DIesiEj4XEw,52,"[('0:10', '0:17')]",,TRUE
"Female Humpback Whale ""Sailing"" (Maui)",video_0624.mp4,https://youtu.be/CnHl9Zr_07Y,145,"[('0:30', '0:45')]",,TRUE
"2015 Sardine Run 10, Humpback Whale",video_0625.mp4,https://youtu.be/qjg8n42JpUk,19,"[('0:00', '0:15')]",,TRUE
Humpback whale next to whale watching boat | Whale and Dolphin Conservation,video_0626.mp4,https://youtu.be/-kurcgdWyd4,140,"[('0:00', '0:15')]",,TRUE
Humpback Whales up Close!!,video_0627.mp4,https://youtu.be/1ywWjh5QIUI,86,"[('0:10', '0:25')]",,TRUE
Humpback Whale * Buckelwal * Hawaii,video_0629.mp4,https://youtu.be/Stj8HI7SGQc,148,"[('0:00', '0:15')]",,TRUE
Incredible friendly humpback whale off of San Francisco,video_0630.mp4,https://youtu.be/6GClmyvxhg8,38,"[('0:00', '0:17')]",,TRUE
Humpback Whales Out In Good Numbers,video_0631.mp4,https://youtu.be/9WLJ6hM1Fbw,173,"[('1:20', '1:35')]",,TRUE
Humpback whale mugging,video_0632.mp4,https://youtu.be/juX8DV7E6NE,471,"[('0:37', '0:52')]",,TRUE
3.14.18 BREACHING Humpback Whales,video_0633.mp4,https://youtu.be/yqtjLxGDSC4,159,"[('0:00', '0:15')]",,TRUE
Boston MA: Best Whale Watching Tours in Boston Massachusetts,video_0635.mp4,https://youtu.be/iiKMpDhTRlA,267,"[('0:00', '0:15')]",,TRUE
Humpback Whale Tail-Slapping,video_0636.mp4,https://youtu.be/hAEyA2PmEYc,19,"[('0:00', '0:15')]",,TRUE
Humpback whale calf freed from netting off Australian coast,video_0637.mp4,https://youtu.be/0RJuAEElD9Y,20,"[('0:00', '0:20')]",,TRUE
Humpback whales in Iceland,video_0638.mp4,https://youtu.be/kMzfKYxTDM8,116,"[('0:05', '0:20')]",,TRUE
Humpback whale calf rescued from beach in Australia,video_0639.mp4,https://youtu.be/-lUF2ETF_TM,54,"[('0:38', '0:53')]",,TRUE
"Humpback Whale Breaches, Maui, Hawaii",video_0640.mp4,https://youtu.be/sqHqLV1E8xw,22,"[('0:00', '0:15')]",,TRUE
Best swimming with playful humpback whales (√ösz√°s B√°ln√°kkal) (snorkeling in Tonga),video_0641.mp4,https://youtu.be/X55QJv8Wo84,176,"[('0:00', '0:15')]",,TRUE
Humpback Whale Sightings off Dana Point Skyrocket,video_0642.mp4,https://youtu.be/MGwOvYiaOP8,85,"[('0:00', '0:17')]",,TRUE
WHALE WATCHING IN ICELAND AND TRYING ROTTEN SHARK! PART 1.,video_0643.mp4,https://youtu.be/0UuRK25rETM,881,"[('3:09', '3:25')]",,TRUE
Humpback whale calf rescued in Australia,video_0644.mp4,https://youtu.be/LJ4p_zspisA,77,"[('0:00', '0:15')]",,TRUE
Humpback Whale Feeding Frenzy Caught on Tape,video_0645.mp4,https://youtu.be/0yVyc475xc4,39,"[('0:00', '0:15')]",,TRUE
A Family of Humpback Whales in Maui,video_0646.mp4,https://youtu.be/gDxelW5Y6kg,78,"[('0:00', '0:17')]",,TRUE
11.10.18 Humpback Whales & Risso's Dolphin,video_0647.mp4,https://youtu.be/r7Zf8PEf310,147,"[('0:00', '0:18')]",,TRUE
Best Single Month of San Diego Whale Watching Ever!,video_0648.mp4,https://youtu.be/rZRoCSDBER8,356,"[('0:00', '0:15')]",,TRUE
humpback whale playing  and breaching- shot in ECUADOR,video_0649.mp4,https://youtu.be/YyR39JW412w,92,"[('0:10', '0:25')]",,TRUE
Humpback Whales in Costa Rica- The Biggest Family on Earth,video_0651.mp4,https://youtu.be/SFdHda2_4Tw,92,"[('0:00', '0:15')]",,TRUE
Alaska: Humpback Whales bubble net feeding,video_0652.mp4,https://youtu.be/8JkyApQfDVc,123,"[('0:18', '0:33')]",,TRUE
Massive Ocean Sunfish & Feeding Humpback Whales,video_0653.mp4,https://youtu.be/_2ytLHBkxSM,109,"[('0:00', '0:17')]",,TRUE
"Humpback Whales feeding on Anchovies, Monterey Bay, 7/26/18.",video_0654.mp4,https://youtu.be/-Y2GzxS_zqg,103,"[('0:00', '0:15')]",,TRUE
5/9/16 Friendly Humpbacks and Killer Whales,video_0655.mp4,https://youtu.be/cqov5_D6StU,39,"[('0:00', '0:15')]",,TRUE
"Amazing 10-whale Humpback Whale Heat Run in Lahaina, Maui, photographed above and below the water!",video_0657.mp4,https://youtu.be/RMlmKyqQE-8,60,"[('0:00', '0:15')]",,TRUE
Beachgoers rescue beached humpback whale in Brazil,video_0658.mp4,https://youtu.be/tpfIceU52yU,52,"[('0:38', '0:53')]",,TRUE
Breaching humpback whale in New York City,video_0659.mp4,https://youtu.be/9CiXo2xIlWY,9,"[('0:00', '0:08')]",,TRUE
Humpback Whale Seen Breaching Off Brixham Devon,video_0660.mp4,https://youtu.be/-EAQOLsSuDg,76,"[('0:24', '0:40')]",,TRUE
'Born Expeditions' searches for Babuyan Islands' humpback whales | Born to be Wild,video_0661.mp4,https://youtu.be/ArR8Y8NXD1Y,202,"[('2:11', '2:20')]",,TRUE
"Stunning drone images of whales swimming down 'Humpback Highway', Australia",video_0662.mp4,https://youtu.be/oI41ib787QA,127,"[('0:00', '0:15')]",,TRUE
Cape Cod Whale Watching -humpbacks under the boat! 6/7/10,video_0664.mp4,https://youtu.be/Ip6I0PA0ETg,39,"[('0:00', '0:15')]",,TRUE
Humpback Whales Spotted in San Francisco,video_0665.mp4,https://youtu.be/ns-qxs99vcY,132,"[('0:45', '1:00')]",,TRUE
"Mating Pacific White Sided Dolphins, Risso's and Feeding Humpback Whales",video_0667.mp4,https://youtu.be/z9fgTez-21s,281,"[('0:20', '0:35')]",,TRUE
Humpback Whales in Maui - 10ft max under the zodiac boat,video_0668.mp4,https://youtu.be/45l_RwbySTc,136,"[('0:00', '0:15')]",,TRUE
2010-10-09: Trio of Humpbacks -- Best of the Day,video_0669.mp4,https://youtu.be/8fxnyr8etyE,140,"[('0:15', '0:32')]",,TRUE
"Humpback Whales- Vava‚Äôu, Tonga - BigAnimals Global Expeditions",video_0670.mp4,https://youtu.be/7oqzr9GRG7c,168,"[('0:20', '0:35')]",,TRUE
NEW Kayaking couple have extremely close encounter with humpback whales in Alaska VIDEO!,video_0671.mp4,https://youtu.be/gv6u2MnqMcs,85,"[('0:20', '0:35')]",,TRUE
Humpback Whale's Moreton Bay,video_0672.mp4,https://youtu.be/0TBVIh9jm3A,184,"[('0:14', '0:29')]",,TRUE
Kayaking with humpback whales - Stan Cook Sea Kayak Adventures 2013,video_0673.mp4,https://youtu.be/WMGAvi9aexE,242,"[('0:30', '0:45')]",,TRUE
Humpback Whales Waikoloa Kona Hawaii 2013,video_0674.mp4,https://youtu.be/HQHskmmVt5U,208,"[('0:10', '0:25')]",,TRUE
"Swimming with Humpback Whales, Dominican Republic",video_0675.mp4,https://youtu.be/9fZxoa1G4II,64,"[('0:00', '0:15')]",,TRUE
"Humpback Whales and California Sea Lions, Monterey Bay, 5/16/19.",video_0676.mp4,https://youtu.be/UbeqrUkj1ZA,65,"[('0:00', '0:15')]",,TRUE
"Humpback Whale Breaching, Dec 1st 2013, Sherkin Island, West Cork, Ireland.",video_0677.mp4,https://youtu.be/Abco79InYYk,72,"[('0:10', '0:25')]",,TRUE
Whalewatching From Boston,video_0678.mp4,https://youtu.be/0GuvNXJLg4c,356,"[('3:38', '3:53')]",,TRUE
"Humpback Whales, Monterey Bay 6/11/18",video_0679.mp4,https://youtu.be/fK5ntTEh2ow,102,"[('0:00', '0:15')]",,TRUE
WATCH: Mommy humpback whale 'thanks' rescuers after fishing line tangle,video_0680.mp4,https://youtu.be/Ai6dsKwI9nE,33,"[('0:00', '0:15')]",,TRUE
Awesome humpback whale 'mugging'  - Ocean Extreme,video_0681.mp4,https://youtu.be/VOnIS9qdYrI,87,"[('0:00', '0:17')]",,TRUE
"Humpback whale encounter, Firth of Forth, Fife, Scotland",video_0682.mp4,https://youtu.be/ciLP1Zh4Ttk,27,"[('0:05', '0:20')]",,TRUE
Whale Watching Tofino - Hug from a Humpback Whale - August 2011,video_0683.mp4,https://youtu.be/D8EtgMSOVyY,198,"[('0:00', '0:15')]",,TRUE
"Lunge feeding Humpback Whales close to the boat! Monterey Bay, 7/13/18.",video_0684.mp4,https://youtu.be/6L3gt4J8zSA,52,"[('0:00', '0:15')]",,TRUE
Humpback whale and tour boat collide,video_0685.mp4,https://youtu.be/QQccJmoETRQ,113,"[('0:00', '0:15')]",,TRUE
"Whale watching in Troms√∏, Norway 30.11.2014",video_0686.mp4,https://youtu.be/LCNcad83b9A,535,"[('0:45', '1:00')]",,TRUE
Humpback whale in extreme close up,video_0687.mp4,https://youtu.be/F9JHyYp1H7Q,106,"[('0:05', '0:20')]",,TRUE
A chance encounter with a humpback whale in Rarotonga,video_0688.mp4,https://youtu.be/gaIM2sDra1E,33,"[('0:10', '0:25')]",,TRUE
Humpback Whales Monterey Bay 4/9/17,video_0689.mp4,https://youtu.be/UyixmKchF8o,66,"[('0:00', '0:20')]",,TRUE
HUMPBACKS,video_0690.mp4,https://youtu.be/WINmRk_NQ_U,530,"[('0:03', '0:18')]",,TRUE
"Humpback Whale Feeding in Pacifica, CA",video_0691.mp4,https://youtu.be/Sq1bcN4lhBU,585,"[('6:28', '6:43')]",,TRUE
Princess Monterey Whale Watching 7-7-2010 Blue and Humpback Whales,video_0692.mp4,https://youtu.be/ZVOCQpBDT24,250,"[('1:05', '1:20')]",,TRUE
Humpback Whale+Breaching+Greg McCormack,video_0693.mp4,https://youtu.be/ezzPKNRRZHY,19,"[('0:00', '0:15')]",,TRUE
RIB EXPRESS whale watching from Reykjav√≠k,video_0694.mp4,https://youtu.be/u6Mjmnbf2uU,97,"[('0:00', '0:15')]",,TRUE
Humpback Whale Family,video_0695.mp4,https://youtu.be/Oc2EXAdhLyg,50,"[('0:15', '0:30')]",,TRUE
Close Encounter with Humpback Whales in Maui,video_0696.mp4,https://youtu.be/gparK0ENwQU,137,"[('0:45', '1:00')]",,TRUE
"Humpback whales off Aitutaki (Cook Islands), September 2015",video_0697.mp4,https://youtu.be/FFye-Mw_Vgs,40,"[('0:00', '0:15')]",,TRUE
Best of Winter Whale Watching 2019 | Capt. Dave's Whale Watching,video_0699.mp4,https://youtu.be/lPhPFGy6tKg,191,"[('0:00', '0:13')]",,TRUE
"9.10.16 Fin Whale, Humpback Whales & Risso's Dolphin #Monterey #Travel #Adventure",video_0700.mp4,https://youtu.be/A33g2rB4dfU,165,"[('0:30', '0:45')]",,TRUE
Humpback Whale Amongst Sea Lions on Monterey Bay with Sea Goddess Whale Watching,video_0702.mp4,https://youtu.be/3nOe6Fx7tjo,86,"[('0:19', '0:34')]",,TRUE
Cabo Expeditions Helps Untangle Humpback Whale Caught in Fishing Net,video_0704.mp4,https://youtu.be/BTDHchOFcRE,239,"[('0:30', '0:45')]",,TRUE
Moss Landing Whale Watching,video_0706.mp4,https://youtu.be/67MMQVgghDw,27,"[('0:05', '0:20')]",,TRUE
Whales playing in 4K | EPIC DRONE FOOTAGE | Umdloti Beach |,video_0707.mp4,https://youtu.be/2A-jlm92ib4,195,"[('0:15', '0:30')]",,TRUE
Central vs. Rutland: Thursday night high school football highlights,video_0708.mp4,https://youtu.be/7ukt0KF0Hws,101,,"[46 sec, 61 sec]",FALSE
Viral!!Huge Whale Shark Asking Help From Sarawak's Fisherman!,video_0709.mp4,https://youtu.be/Bc-ser8bCHs,189,,"[120 sec, 135 sec]",FALSE
NC fishing pier battered in aftermath of Dorian,video_0710.mp4,https://youtu.be/nqFiDTwAnkk,170,,"[123 sec, 138 sec]",FALSE
Leonardo DiCaprio env√≠a MENSAJE a Presidente Vizcarra,video_0711.mp4,https://youtu.be/hFjceMXVdIo,96,,"[36 sec, 51 sec]",FALSE
Hawaii Five-0 - Series Finale | CBS (April 3/2020),video_0712.mp4,https://youtu.be/VIdaSVlLTlU,47,,"[26 sec, 41 sec]",FALSE
Fourth of July: Thousands descend on the San Diego coast,video_0713.mp4,https://youtu.be/F1J4Aw4zUpM,172,,"[58 sec, 73 sec]",FALSE
Ovation of The Seas - Series Trailer,video_0714.mp4,https://youtu.be/bL6KnriZf4k,57,,"[28 sec, 43 sec]",FALSE
Gabon : Ouverture du 1er Point de vente GRAINE,video_0715.mp4,https://youtu.be/zzucIi916W4,198,,"[1 sec, 16 sec]",FALSE
The Hill to Hill Bridge - Scuba Diving - Clean Up - STILLFIN,video_0716.mp4,https://youtu.be/2-da4G1PVRo,668,,"[419 sec, 434 sec]",FALSE
Ovation of the Seas: North Star in Icy Strait Point - 05/16/2019,video_0717.mp4,https://youtu.be/pqCNjgy9gyk,614,,"[265 sec, 280 sec]",FALSE
Property for sale in Puerto del Carmen  Lanzarote  Ref 2283,video_0718.mp4,https://youtu.be/favMGnCOwdw,77,,"[15 sec, 30 sec]",FALSE
"Polar Plunge 2020 VA Beach, Virginia. Plunge Virginia",video_0719.mp4,https://youtu.be/PBPpCH3WEoQ,152,,"[56 sec, 71 sec]",FALSE
Croc TEAMBUSTING + PD Gameplay + MORE! - Deeeep.io Funny Moments,video_0722.mp4,https://youtu.be/HvWpQX-oOkI,213,,"[2 sec, 17 sec]",FALSE
Man frees seal from fishing net,video_0723.mp4,https://youtu.be/xxPU8EtJSZQ,57,,"[18 sec, 33 sec]",FALSE
Rapid Ohia Death detected on Maui,video_0724.mp4,https://youtu.be/H7owpyb7Jsk,30,,"[4 sec, 19 sec]",FALSE
ÿ¨ÿ±ŸÖŸÜ€å ŸÖ€å⁄∫ ÿ¨ÿØ€åÿØ ÿß€åÿ¨ÿßÿØÿßÿ™ ⁄©€å ÿ™ÿ±ÿ®€åÿ™ ⁄©€åÿ≥€í ÿØ€å ÿ¨ÿß ÿ±€Å€å €Å€í,video_0725.mp4,https://youtu.be/Ld8b6aya8-8,244,,"[208 sec, 223 sec]",FALSE
A Winter Day at Point Pleasant Beach NJ,video_0726.mp4,https://youtu.be/AxibvjtDf5g,180,,"[85 sec, 100 sec]",FALSE
"Costa Rica, pura vida! Don't cancel, postpone.",video_0727.mp4,https://youtu.be/kVLq0g3Mtwk,60,,"[42 sec, 57 sec]",FALSE
"Rain, warm weather affecting crops in Virginia Beach",video_0728.mp4,https://youtu.be/qhdXrMDeVF8,121,,"[18 sec, 33 sec]",FALSE
Khana Kabah Tawaf   | Makah,video_0729.mp4,https://youtu.be/8QEwzBxTdLo,100,,"[77 sec, 92 sec]",FALSE
Beer and wine available on select BC Ferries,video_0730.mp4,https://youtu.be/U-MD4Y39nUg,153,,"[79 sec, 94 sec]",FALSE
Lake Michigan Overflows Onto Roads During Michigan Floods,video_0731.mp4,https://youtu.be/gN98PBRNhqs,87,,"[2 sec, 17 sec]",FALSE
Calf takes his first wobbly steps while mom looks on,video_0732.mp4,https://youtu.be/7kr1xnsbgfY,98,,"[28 sec, 43 sec]",FALSE
Hilmonkoski elokuun viimeinen vkloppu,video_0733.mp4,https://youtu.be/DaL8yLc0wlw,1040,,"[519 sec, 534 sec]",FALSE
Can You Become King Of Kings By Singing Deeeep.io Humpback Whale!,video_0734.mp4,https://youtu.be/IY-rtOViekU,559,,"[20 sec, 35 sec]",FALSE
Timelapse shows snowstorm engulfing Turkish coast,video_0735.mp4,https://youtu.be/6V6oLRAZREs,19,,"[1 sec, 16 sec]",FALSE
Whale calf found dead in Hawaii mass stranding,video_0736.mp4,https://youtu.be/hje_vkXHSDU,72,,"[51 sec, 66 sec]",FALSE
Sea Shepherd Pilot Finally Locates Main Japanese Whalers Ship | Whale Wars,video_0737.mp4,https://youtu.be/QEv5L_WZYy4,420,,"[310 sec, 325 sec]",FALSE
"Rare and Extraordinary Encounter with a Bryde's Whale in Drake Bay, Costa Rica",video_0738.mp4,https://youtu.be/SPazfN5MotA,284,,"[14 sec, 29 sec]",FALSE
Seeing 2000 Dolphins on the Condor Express!,video_0739.mp4,https://youtu.be/KAsO0UIWnso,46,,"[14 sec, 29 sec]",FALSE
Playful whale nudges tourist boat  in Mexico| CCTV English,video_0740.mp4,https://youtu.be/SgGl_LVcPHU,20,,"[3 sec, 18 sec]",FALSE
10 The Best Places to Visit in South Africa,video_0741.mp4,https://youtu.be/BMXmbjVoKQY,668,,"[613 sec, 628 sec]",FALSE
SwellPro Splashdrone 3+ for Boating: Filming Whales & Fishing,video_0742.mp4,https://youtu.be/M_W9zswV_ik,183,,"[160 sec, 175 sec]",FALSE
Timeline: How the whale rescue unfolded,video_0743.mp4,https://youtu.be/pNrhEBRNK88,74,,"[45 sec, 60 sec]",FALSE
The Best Moments | Short Film Azores,video_0744.mp4,https://youtu.be/Aml8oCoLwTk,217,,"[75 sec, 90 sec]",FALSE
Navy T-28 Crash Site and Aircraft Wreckage ‚Äì Humpback Mountain ‚Äì Appalachian Trail Virginia,video_0745.mp4,https://youtu.be/9Ef05x10nU8,527,,"[229 sec, 244 sec]",FALSE
4K Drone Video of Gray Whale in the surf at Point Dume in Malibu CA.,video_0746.mp4,https://youtu.be/0GVLWAHjQQM,241,,"[200 sec, 215 sec]",FALSE
"Bryde's whales in Raja Ampat, Indonesia - Oceanic Society expedition",video_0747.mp4,https://youtu.be/2bddgEQWYc4,46,,"[9 sec, 24 sec]",FALSE
"Bermuda Newsflash For Wednesday, April 1, 2020",video_0748.mp4,https://youtu.be/GLqKMAq1Og8,163,,"[92 sec, 107 sec]",FALSE
Hundreds of blue whale bones need cleaning,video_0749.mp4,https://youtu.be/rv7bUFEyaJs,62,,"[16 sec, 31 sec]",FALSE
CABLE CAR SHUTDOWN: San Francisco's Iconic Cable Cars Will Be Out Of Service For 10 Days,video_0750.mp4,https://youtu.be/mrV1lkUqgwQ,117,,"[53 sec, 68 sec]",FALSE
Dramatic rescue: Georgia beachgoers save dozens of pilot whales,video_0751.mp4,https://youtu.be/LobzZuLxc7U,55,,"[5 sec, 20 sec]",FALSE
Sculpture nga pormang balyena gibida sa mga estudyante sa DCNHS | TV Patrol Southern Mindanao,video_0752.mp4,https://youtu.be/I5MS9j7CKO8,140,,"[44 sec, 59 sec]",FALSE
Flying over Dana Point Harbor | Drone Footage,video_0753.mp4,https://youtu.be/rk4P73PKbPc,74,,"[31 sec, 46 sec]",FALSE
Killer Whales Breach at Sunset | Alaska | Lindblad Expeditions-National Geographic,video_0754.mp4,https://youtu.be/7A2F7uJlazU,87,,"[54 sec, 69 sec]",FALSE
Whale Tattoo by Chris Fernandez | In The Studio Vol. 84,video_0755.mp4,https://youtu.be/-9nKvk5FMic,62,,"[33 sec, 48 sec]",FALSE
Billabong PIPELINE Masters Invitational (RAW FOOTAGE) Day 1 / Part 2,video_0756.mp4,https://youtu.be/k2a8WKLWJoE,666,,"[176 sec, 191 sec]",FALSE
"TRENDING NOW: Cancer bell breaks, The Nutbush Dance, whale rescue, Wienermobile AirBnB",video_0757.mp4,https://youtu.be/jMF74bebuRI,125,,"[72 sec, 87 sec]",FALSE
Operation Milagro VI Web Series - Episode 2: Choices,video_0758.mp4,https://youtu.be/DXM6409fPYo,295,,"[150 sec, 165 sec]",FALSE
Operation Good Pirates of the Caribbean Returns to the Bahamas,video_0759.mp4,https://youtu.be/w0gmyUAZS4o,115,,"[74 sec, 89 sec]",FALSE
"Whale Washed Up In Cornwall On Nare Point, Lizard Peninsular",video_0760.mp4,https://youtu.be/ObgBW8c4jgI,20,,"[0 sec, 15 sec]",FALSE
Extinction Rebellion: what do they actually want? | 7th Oct 2019,video_0761.mp4,https://youtu.be/f0UkyInOLb4,674,,"[289 sec, 304 sec]",FALSE
Would you risk being crushed to save a pod of whales?,video_0762.mp4,https://youtu.be/Uv_ZNuQBiDQ,42,,"[2 sec, 17 sec]",FALSE
"Leopard Seal Vs. Penguin | Seven Worlds, One Planet | BBC America",video_0763.mp4,https://youtu.be/c3L9-ZmDg8s,185,,"[1 sec, 16 sec]",FALSE
SWIMMING WITH MELON HEADED WHALES ON MALDIVES SWIM CAMP,video_0764.mp4,https://youtu.be/qySjInbImdc,35,,"[16 sec, 31 sec]",FALSE
Dolphins Swim Alongside Sightseeing Tour Boat Near Newport Beach,video_0765.mp4,https://youtu.be/e9ztIfQZnvw,47,,"[23 sec, 38 sec]",FALSE
Philippines hosts global writers‚Äô congress as media ‚Äòcensored‚Äô,video_0766.mp4,https://youtu.be/_w8fweM7Wa8,169,,"[60 sec, 75 sec]",FALSE
Ucluelet Whale Watching & Canoeing,video_0767.mp4,https://youtu.be/0ALPVQAj-Vc,176,,"[125 sec, 140 sec]",FALSE
FULL VIDEO - Sea Shepherd Attacked in Vaquita Refuge on World Wildlife Day,video_0768.mp4,https://youtu.be/h1gqXxjxU-Y,125,,"[19 sec, 34 sec]",FALSE
Djuma: Lone Hyena comes out of treeline - 08:18 - 09/01/19,video_0769.mp4,https://youtu.be/zFDKFBn4Z9c,111,,"[39 sec, 54 sec]",FALSE
La Vista 10 | Querencia | San Jose del Cabo | The Agency Los Cabos Real Estate,video_0770.mp4,https://youtu.be/jNfPS1Pz5js,57,,"[19 sec, 34 sec]",FALSE
"Covid 19 In Kailua Oahu, Hawaii",video_0771.mp4,https://youtu.be/zMJCUx2A0J8,1048,,"[648 sec, 663 sec]",FALSE
"N.J. opens some new beaches, parks and golf courses",video_0772.mp4,https://youtu.be/qRT8aRsYxyQ,125,,"[58 sec, 73 sec]",FALSE
Winter Whales - A Rare Beer Fest,video_0773.mp4,https://youtu.be/D_7VUy30SVE,64,,"[29 sec, 44 sec]",FALSE
60-Feet-Long Dead Whale Washed Ashore On Rajnagar Beach,video_0774.mp4,https://youtu.be/pDgyF9UOcmA,181,,"[16 sec, 31 sec]",FALSE
"Long-beaked Common Dolphins, Monterey Bay  1/20/2020 -4K Video",video_0776.mp4,https://youtu.be/wG6Iuo7NIkA,133,,"[21 sec, 36 sec]",FALSE
New cruise ship terminal: Complete awaiting commissioning,video_0777.mp4,https://youtu.be/s5o6MV-ii3U,229,,"[179 sec, 194 sec]",FALSE
Surfing | Hawaii Playlist | NobodySurf,video_0778.mp4,https://youtu.be/ZM7CgRJ0InM,262,,"[123 sec, 138 sec]",FALSE
≈Ωiƒçara Sljeme - time lapse gradnje 20.03.2020.,video_0779.mp4,https://youtu.be/zulK1gpne3Y,53,,"[0 sec, 15 sec]",FALSE
Providenciales & Sailing to North and Middle Caicos!,video_0780.mp4,https://youtu.be/3Z1v4xMQFZ4,1001,,"[455 sec, 470 sec]",FALSE
"A Taste of The English Riviera, from sea to plate",video_0781.mp4,https://youtu.be/vuLuNIMQW1E,83,,"[62 sec, 77 sec]",FALSE
COOK ISLANDS-AITUTAKI 4K-THE MOST BEAUTIFUL LAGOON,video_0782.mp4,https://youtu.be/NZCkJ5gl7lE,187,,"[3 sec, 18 sec]",FALSE
Orca Guide | Deeeep.io Tutorials,video_0783.mp4,https://youtu.be/mywxGXRX7wM,618,,"[486 sec, 501 sec]",FALSE
Hurricane preparations underway in St. Simons,video_0784.mp4,https://youtu.be/iR9Rz3ytAyY,70,,"[44 sec, 59 sec]",FALSE
"1549 Whitesails Drive, Bowen Island BC",video_0785.mp4,https://youtu.be/WxrKHjRPu14,164,,"[31 sec, 46 sec]",FALSE
Pangaimotu Island. Tonga.,video_0786.mp4,https://youtu.be/jvsePuvn2u8,169,,"[116 sec, 131 sec]",FALSE
„Äê„ÅÇ„Å§Ê£Æ„ÄëÂàùÂøÉËÄÖ„Å´Â≠òÂú®„Åó„Å™„ÅÑÁîü„ÅçÁâ©Êçï„Åæ„Åà„Çã„Éâ„ÉÉ„Ç≠„É™„ÇÑ„Å£„Å¶„Åø„Åü,video_0787.mp4,https://youtu.be/TMNCGXioB-c,277,,"[40 sec, 55 sec]",FALSE
Diving the USNS Vandenburg Key West Florida,video_0788.mp4,https://youtu.be/R23xteq5-G0,533,,"[511 sec, 526 sec]",FALSE
Bulgaarse polyfonie lied - Mammoet,video_0789.mp4,https://youtu.be/fNWWTXp4eKo,32,,"[0 sec, 15 sec]",FALSE
Unstoppable Pirahna Swarm FFA - deeeep.io,video_0790.mp4,https://youtu.be/gKQ_WCURrCA,146,,"[36 sec, 51 sec]",FALSE
Deep Blue Ocean Sounds,video_0791.mp4,https://youtu.be/BnKPCOiNGkc,93,,"[29 sec, 44 sec]",FALSE
Dr. Kent Hovind - Quick Announcement - Radio Interview,video_0792.mp4,https://youtu.be/a2KFDp5AWdc,420,,"[207 sec, 222 sec]",FALSE
Palm Beach County Medical Examiner reports 52 more suicides in 2018 compared to 2017,video_0794.mp4,https://youtu.be/HrtSYwHVh74,145,,"[94 sec, 109 sec]",FALSE
Sea Lions - Life By A Whisker - 2020 Trailer,video_0795.mp4,https://youtu.be/Svo1HsVkMz4,91,"[('0:50', '1:00')]",,TRUE
"Humpback whales hunting anchovies, Monterey Bay",video_0796.mp4,https://youtu.be/PSNzMzL6LHQ,94,"[('1:05', '1:20')]",,TRUE
Humpback Whale  - North Sailing,video_0797.mp4,https://youtu.be/hkcQiA9oDr0,48,"[('0:08', '0:23')]",,TRUE
Humpback Whale Roll,video_0798.mp4,https://youtu.be/205IxDsWfJE,30,"[('0:14', '0:29')]",,TRUE
10.12.18 Humpback Whales,video_0799.mp4,https://youtu.be/_ZFKpQtmZ3M,131,"[('0:25', '0:40')]",,TRUE
Stunning footage of humpback whales off Nova Scotia,video_0800.mp4,https://youtu.be/STZz3FixcLA,58,"[('0:00', '0:15')]",,TRUE
"Humpback whales feeding on anchovies with seals and birds, Monterey Bay",video_0801.mp4,https://youtu.be/qynLomhMNjs,91,"[('0:55', '1:12')]",,TRUE
Humpback Whales from kayak,video_0802.mp4,https://youtu.be/BrV6K_lefyE,73,"[('0:40', '0:55')]",,TRUE
Humpback Whales having a laugh - Big Blue Live: Episode 1 - BBC One,video_0804.mp4,https://youtu.be/taJ60kskkns,106,"[('0:00', '0:15')]",,TRUE
Swimming with Humpback Whales in Tonga,video_0806.mp4,https://youtu.be/xy7v3Yb9shQ,457,"[('1:15', '1:32')]",,TRUE
Family rescues humpback whale entangled in fishing nets in Chile,video_0807.mp4,https://youtu.be/KgPLcPAiYEE,47,"[('0:30', '0:45')]",,TRUE
Humpbacks Whales Throughout the Bay,video_0808.mp4,https://youtu.be/7FTqmKssWy4,115,"[('0:00', '0:15')]",,TRUE
"Humpback Whale Takes a Giant Leap, Stuns Boaters Off Cape Henry",video_0809.mp4,https://youtu.be/csm_1p1sU8o,78,"[('1:00', '1:15')]",,TRUE
The MOST CREEPY SOUND!! ever recorded in the deep ocean I Top10,video_0810.mp4,https://youtu.be/J7wBGRY3380,225,,"[8 sec, 23 sec]",FALSE
Top 10 LOUDEST Sounds Ever Heard,video_0811.mp4,https://youtu.be/JEtGdOfrnBA,643,,"[552 sec, 567 sec]",FALSE
TOP 10 LARGEST ANIMALS On The Planet,video_0812.mp4,https://youtu.be/NAGQJTKEQ_s,440,,"[22 sec, 37 sec]",FALSE
'This is Gross': Humpback Whale Carcass Liquids Bubble Up on Samoa Beach,video_0813.mp4,https://youtu.be/pXztGhYJXDI,76,,"[42 sec, 57 sec]",FALSE
RC Adventure Jeep Wrangler Axial SCX10 - The humpback whale rock,video_0814.mp4,https://youtu.be/YjY6PQqqMBg,298,,"[204 sec, 219 sec]",FALSE
Top 10 small pigy animal in world,video_0815.mp4,https://youtu.be/uKMJs4MGMEA,358,,"[309 sec, 324 sec]",FALSE
Iceland: Top 10 Destination,video_0816.mp4,https://youtu.be/xzBSPM2GppA,1080,,"[654 sec, 669 sec]",FALSE
Top 10 Biggest Animal in the World,video_0817.mp4,https://youtu.be/J_UF5cajbxo,322,,"[244 sec, 259 sec]",FALSE