video_id,url,title,license,relevant,renamed_title,clip_start,clip_end
67OIlq2oMt0,https://youtu.be/67OIlq2oMt0,Hawaiian Islands Humpback Whale National Marine Sanctuary,creativeCommon,True,video_0000.mp4,0:10,0:25
EUcMuUBMYJc,https://youtu.be/EUcMuUBMYJc,Tagging expedition: revealing the delicate nursing behavior of humpback whale calves,creativeCommon,True,video_0001.mp4,0:44,0:59
dpSuygz7ZmA,https://youtu.be/dpSuygz7ZmA,Your Earth Is Blue: Disentangling a Humpback Whale,creativeCommon,True,video_0002.mp4,0:05,0:20
jfPzlFLEuKk,https://youtu.be/jfPzlFLEuKk,"Humpback Whale || Description, Characteristics and Facts!",creativeCommon,True,video_0003.mp4,2:40,2:55
xGasapMoy4I,https://youtu.be/xGasapMoy4I,Your Earth Is Blue: Humpback Whales,creativeCommon,True,video_0004.mp4,0:00,0:15
pvUi9HEUyD4,https://youtu.be/pvUi9HEUyD4,No Whales For You! - We came up empty on Humpback whale snorkeling,creativeCommon,True,video_0006.mp4,1:05,1:20
-iuAeU0Z0fs,https://youtu.be/-iuAeU0Z0fs,Your Earth Is Blue: Humpback Whales,creativeCommon,True,video_0007.mp4,0:25,0:40
yOy_VtJKhQU,https://youtu.be/yOy_VtJKhQU,humpback whale comes up to breathe air and it&#39;s huge,creativeCommon,True,video_0008.mp4,0:00,0:15
-X0ij0Vawk8,https://youtu.be/-X0ij0Vawk8,Nature and culture in Hawaiian Islands Humpback Whale National Marine Sanctuary,creativeCommon,False,video_0009.mp4,,
eCA930NiG10,https://youtu.be/eCA930NiG10,GTA 5 humpback whale location!,creativeCommon,False,video_0010.mp4,,
VPtPbyYk42A,https://youtu.be/VPtPbyYk42A,Balleny humpback whale research,creativeCommon,True,video_0011.mp4,0:07,0:22
T5EtHtnQ4kw,https://youtu.be/T5EtHtnQ4kw,Stranded humpback whale rescued in Argentina,creativeCommon,True,video_0014.mp4,0:00,0:15
DGze-cecDMA,https://youtu.be/DGze-cecDMA,"Humpback Whale (Baleia Jubarte), Abrolhos, Brazil",creativeCommon,True,video_0017.mp4,0:00,0:15
PdARpduN44g,https://youtu.be/PdARpduN44g,Your Earth Is Blue: Humpback Whale Tagging at Stellwagen Bank,creativeCommon,True,video_0018.mp4,0:10,0:25
BzrFQm3CSLs,https://youtu.be/BzrFQm3CSLs,Swimming with humpback whales in French Polynesia,creativeCommon,True,video_0019.mp4,12:00,12:15
kOMpCDuj_Lw,https://youtu.be/kOMpCDuj_Lw,üêãüêã Breaching Humpback Whales üå¥Paradise |  MAUI ~ No Ka Oi üå∫,creativeCommon,True,video_0020.mp4,1:30,1:45
olXBq4kVOVo,https://youtu.be/olXBq4kVOVo,"Maui Humpback Whale Encounter February 17, 2020",creativeCommon,True,video_0021.mp4,1:15,1:30
qzS15KNvWds,https://youtu.be/qzS15KNvWds,Humpback whale encounter off of Maui (near Lahaina),creativeCommon,True,video_0023.mp4,1:00,1:15
s_gVyzmyn5Y,https://youtu.be/s_gVyzmyn5Y,humpback whale jumping out of the water | humpback whale,creativeCommon,True,video_0024.mp4,0:00,0:09
IXiWONEUk_g,https://youtu.be/IXiWONEUk_g,Humpback Whale,creativeCommon,True,video_0025.mp4,1:00,1:15
ylzfC4xtrDQ,https://youtu.be/ylzfC4xtrDQ,Swimming with a Curious Humpback Whale Calf - Tonga,creativeCommon,True,video_0026.mp4,0:10,0:25
l5rQPUBMDOU,https://youtu.be/l5rQPUBMDOU,Antarctica üá¶üá∂ Melchior Islands waters kayaking encounter humpback whalesüòÄ,creativeCommon,True,video_0027.mp4,0:10,0:25
QTQM0gUcWw4,https://youtu.be/QTQM0gUcWw4,8/2 Humpback whale &quot;Ballpark&quot; lobtailing 34 times!,creativeCommon,True,video_0028.mp4,2:40,2:55
kMJNN5r_1RE,https://youtu.be/kMJNN5r_1RE,Human Rendition of a Humpback Whale,creativeCommon,False,video_0029.mp4,,
ocMUv0I4Kkg,https://youtu.be/ocMUv0I4Kkg,"Spectacular whale watching. Humpback whales, Alaska. With commentary",creativeCommon,True,video_0030.mp4,3:30,3:45
hjkH46aBkPo,https://youtu.be/hjkH46aBkPo,Maui Humpback Whales Breaching,creativeCommon,True,video_0031.mp4,0:00,0:15
s57I6x6zRUw,https://youtu.be/s57I6x6zRUw,humpback whale song,creativeCommon,True,video_0032.mp4,0:00,0:15
r3-H4061n0E,https://youtu.be/r3-H4061n0E,Humpback whale stuck in California harbor,creativeCommon,True,video_0033.mp4,0:42,0:57
t9I3HrtYDIw,https://youtu.be/t9I3HrtYDIw,Humpback whale caught on tape,creativeCommon,False,video_0034.mp4,,
yuCictQtr4U,https://youtu.be/yuCictQtr4U,Humpback Whale showing big tail at Loreto National Park - Thore Noernberg Whale Watching,creativeCommon,False,video_0035.mp4,,
MKmF_n1CGbo,https://youtu.be/MKmF_n1CGbo,Humpback Whale Breach - Deep Sea Divers Den,creativeCommon,True,video_0036.mp4,0:08,0:23
FKhOwKXrW54,https://youtu.be/FKhOwKXrW54,Humpback Whales swimming close to boat showing tails - Thore Noernberg Whale Watching,creativeCommon,False,video_0037.mp4,,
RSi98HImm5A,https://youtu.be/RSi98HImm5A,Humpback Whales Broome Western Australia 1,creativeCommon,True,video_0039.mp4,5:00,5:15
fYTQplH44rY,https://youtu.be/fYTQplH44rY,Humpback whales feeding in  full force!,creativeCommon,True,video_0040.mp4,0:05,0:20
-lcMrem75B4,https://youtu.be/-lcMrem75B4,Humpback whales in Antarctica,creativeCommon,True,video_0041.mp4,0:20,0:35
mPx0yevy8qw,https://youtu.be/mPx0yevy8qw,Humpback Whale showing tail at Loreto N.P. - Thore Noernberg Whale Watching,creativeCommon,False,video_0042.mp4,,
VHtcfQk3C4Y,https://youtu.be/VHtcfQk3C4Y,Humpback Whale Feeding Calls,creativeCommon,False,video_0043.mp4,,
9D1Iy3ioadY,https://youtu.be/9D1Iy3ioadY,Humpback Whales,creativeCommon,True,video_0044.mp4,1:50,2:05
n02oMx6D_Bo,https://youtu.be/n02oMx6D_Bo,Humpback whale,creativeCommon,True,video_0046.mp4,0:00,0:13
CTL3nOIvTOo,https://youtu.be/CTL3nOIvTOo,Baby humpback whale breaches surface at the beach,creativeCommon,False,video_0047.mp4,,
_bi1_1IVdkw,https://youtu.be/_bi1_1IVdkw,"Water, Water Everywhere, Humpback Whale Photos",creativeCommon,True,video_0048.mp4,0:37,0:52
dmEpKFWf3yY,https://youtu.be/dmEpKFWf3yY,Humpback Whales,creativeCommon,True,video_0049.mp4,7:50,8:05
akEyWO3gsAo,https://youtu.be/akEyWO3gsAo,Your Earth Is Blue: Tagging Humpback Whales,creativeCommon,True,video_0050.mp4,0:04,0:19
z7xLge1v2M8,https://youtu.be/z7xLge1v2M8,Humpback Whale breaching,creativeCommon,True,video_0051.mp4,0:00,0:04
vlqKsRPUwok,https://youtu.be/vlqKsRPUwok,Drone Footage Shows Humpback Whales in Rare ‚ÄòHeat Run‚Äô in Australian Waters,creativeCommon,True,video_0052.mp4,0:00,0:15
YcvX1TcD30M,https://youtu.be/YcvX1TcD30M,The Whisper - Close up Video of Mother and Calf Humpback Whale Painting,creativeCommon,False,video_0053.mp4,,
AGAkpoFd7bw,https://youtu.be/AGAkpoFd7bw,Pond5 Stock Footage - Humpback Whale Mother and Calf,creativeCommon,True,video_0054.mp4,0:00,0:15
cuqAYDru0X0,https://youtu.be/cuqAYDru0X0,"Humpback whale breaching‚ÄîMaui, Hawai&#39;i",creativeCommon,True,video_0055.mp4,0:20,0:35
29JnGdXPpx4,https://youtu.be/29JnGdXPpx4,Humpback Whale with Juanes Music - Baja California - Thore Noernberg Whale Watching,creativeCommon,False,video_0057.mp4,,
AOF_BMnslF4,https://youtu.be/AOF_BMnslF4,"Three humpback whales heading north, cape solander, by drone",creativeCommon,True,video_0058.mp4,0:00,0:15
SDOq6WIwNDs,https://youtu.be/SDOq6WIwNDs,Ballenas Jorobadas (Humpback Whales),creativeCommon,True,video_0060.mp4,0:10,0:25
5PQTvJM4VS4,https://youtu.be/5PQTvJM4VS4,A humpback whale was found dead on a beach in southern France,creativeCommon,True,video_0061.mp4,0:00,0:15
taNLnQg_x5E,https://youtu.be/taNLnQg_x5E,üòç ùóïùó≤ùòÄùòÅ ùó™ùóµùóÆùóπùó≤ ùó™ùóÆùòÅùó∞ùóµùó∂ùóªùó¥ ùó©ùó∂ùó±ùó≤ùóº  2‚Éù  üò≤ | B ü·¥ú·¥á W ú·¥Ä ü·¥á H·¥ú·¥ç·¥ò ô·¥Ä·¥Ñ·¥ã W ú·¥Ä ü·¥á | #Shorts,creativeCommon,True,video_0065.mp4,0:02,0:17
Et8K0OvH5Ag,https://youtu.be/Et8K0OvH5Ag,SeaWorld rescues 1-year old humpback whale entangled in fishing gear,creativeCommon,True,video_0066.mp4,0:05,0:20
FztOHiGiFWI,https://youtu.be/FztOHiGiFWI,Humpback Whales,creativeCommon,True,video_0067.mp4,0:03,0:18
HdNpqor2Tso,https://youtu.be/HdNpqor2Tso,Feel the world of Majestic Humpback Whales &amp; Orca #Zoneblank,creativeCommon,True,video_0068.mp4,1:05,1:20
oLioQPJVhr8,https://youtu.be/oLioQPJVhr8,Humpback Whale,creativeCommon,True,video_0070.mp4,0:15,0:30
D1NxXVAMAV4,https://youtu.be/D1NxXVAMAV4,"Swimming with humpback whales@Vava&#39;u, Kingdom Of Tonga",creativeCommon,True,video_0071.mp4,0:29,0:44
B6j09ZpIczM,https://youtu.be/B6j09ZpIczM,What are Whale Baleen Plates? | WHALEZONE.TV S2E4,creativeCommon,True,video_0072.mp4,0:40,0:55
HTsKcwJcrwo,https://youtu.be/HTsKcwJcrwo,humpback whale watch,creativeCommon,True,video_0075.mp4,0:13,0:28
WQt8ajXamRE,https://youtu.be/WQt8ajXamRE,Humpback Whales I Maui Sailing 2019,creativeCommon,True,video_0078.mp4,0:00,0:15
sxQnFwgn1kU,https://youtu.be/sxQnFwgn1kU,"Humpback Whale by drone 6k off Gordon&#39;s Bay, Sydney, August 24, 2020",creativeCommon,True,video_0079.mp4,0:05,0:20
M7rMGYqtSiA,https://youtu.be/M7rMGYqtSiA,"Humpback Whales Breaching in S√£o Miguel, Azores Islands | TERRA AZUL‚Ñ¢",creativeCommon,True,video_0080.mp4,0:15,0:30
3KRyiR2_yVQ,https://youtu.be/3KRyiR2_yVQ,Humpback whale off Fraser Island,creativeCommon,True,video_0083.mp4,1:02,1:17
Q_rLSTxG8_4,https://youtu.be/Q_rLSTxG8_4,Humpback Whales Antarctica 2020,creativeCommon,True,video_0084.mp4,6:30,6:45
xDodXg4sK-w,https://youtu.be/xDodXg4sK-w,Humpback Whales of Banderas Bay,creativeCommon,True,video_0085.mp4,1:00,1:15
Qz_RM0VKTvk,https://youtu.be/Qz_RM0VKTvk,Humpback Whale cruising &amp; sharing ocean w/Dolphins complimented by Relaxing &amp; Easy Listening Music,creativeCommon,True,video_0088.mp4,2:45,3:00
s5yq2SZcjHg,https://youtu.be/s5yq2SZcjHg,Humpback whale breaching the surface #Shorts,creativeCommon,True,video_0089.mp4,0:00,0:14
nDqDnKiIC-U,https://youtu.be/nDqDnKiIC-U,"10 #Facts You Didn&#39;t Know About #Humpback #Whales, Alaska | Animal #Videos",creativeCommon,True,video_0090.mp4,5:06,5:21
DQvP01mQWjE,https://youtu.be/DQvP01mQWjE,Humpback Whale Watching off Hillarys Perth WA,creativeCommon,True,video_0091.mp4,1:25,1:40
3bwN4JPCfI0,https://youtu.be/3bwN4JPCfI0,Huge dead humpback whale washes up in California,creativeCommon,True,video_0092.mp4,0:00,0:15
LCNvpa0oqSA,https://youtu.be/LCNvpa0oqSA,"Humpback whale watching - Gold Coast, Queensland",creativeCommon,True,video_0094.mp4,0:40,0:55
fr2Auro8C0c,https://youtu.be/fr2Auro8C0c,Assassins Creed 4 Black Flag Catching a Humpback Whale,creativeCommon,False,video_0095.mp4,,
RVUwblI7Rj0,https://youtu.be/RVUwblI7Rj0,Dolphins and Humpback Whales in Boston (360¬∞),creativeCommon,True,video_0096.mp4,1:20,1:35
DtyaNYoDezA,https://youtu.be/DtyaNYoDezA,Humpback Whale 2,creativeCommon,False,video_0098.mp4,,
Pu2zz91MQDE,https://youtu.be/Pu2zz91MQDE,Baby Humpback Whale Trying To Fly,creativeCommon,True,video_0099.mp4,0:10,0:25
yVkjEWBdQWc,https://youtu.be/yVkjEWBdQWc,Ecotourism - Humpback Whales around Kerama Islands,creativeCommon,True,video_0100.mp4,0:45,1:00
XX5fgMcm6-8,https://youtu.be/XX5fgMcm6-8,Most relaxing whale song! #Humpback,creativeCommon,True,video_0103.mp4,0:20,0:35
D9mhRoIpgAc,https://youtu.be/D9mhRoIpgAc,Humpback Whales and Killer Whales Up in Alaska,creativeCommon,False,video_0105.mp4,,
NnaPPOuvMtM,https://youtu.be/NnaPPOuvMtM,Humpback whale washes ashore at Oceano Dunes interview with Mike Love,creativeCommon,True,video_0106.mp4,1:40,1:55
fRVxS4a5t6E,https://youtu.be/fRVxS4a5t6E,Sanctuaries Assist in Saving Humpback Whale,creativeCommon,True,video_0107.mp4,0:00,0:15
fk9dswhB8A8,https://youtu.be/fk9dswhB8A8,Threats to Canada¬¥s Humpbacks,creativeCommon,True,video_0108.mp4,0:25,0:40
TxwiLcF3_9w,https://youtu.be/TxwiLcF3_9w,"Humpback Whales (Farallon Islands, Marine Wildlife Refuge, San Francisco, California)",creativeCommon,True,video_0110.mp4,0:35,0:40
u_0fEwRraUY,https://youtu.be/u_0fEwRraUY,DO YOU WANT TO SEE THE HUMPBACK WHALE//OCEAN REGION OF ALASKA IN AMERICA/WHALE TOURS,creativeCommon,True,video_0111.mp4,0:35,0:40
zt-nmVdMAR4,https://youtu.be/zt-nmVdMAR4,"humpback whale over the first golf green, malabar, new south wales",creativeCommon,False,video_0112.mp4,,
OsnTCQmUkp0,https://youtu.be/OsnTCQmUkp0,Humpback Whales,creativeCommon,False,video_0113.mp4,,
icKqRWZZcGA,https://youtu.be/icKqRWZZcGA,"humpback whale 1, Maui, Hawaii",creativeCommon,True,video_0116.mp4,2:00,2:15
rfOi6VSfxnY,https://youtu.be/rfOi6VSfxnY,Kayaking With Humpback Whales on Maui Hawaii  - The Detourist Guide To Travel - Maui | Ep. 23,creativeCommon,False,video_0117.mp4,,
-eVUfYUuaAE,https://youtu.be/-eVUfYUuaAE,A baby humpback whale with its mother  -  Tadoussac whale watching 20210730,creativeCommon,True,video_0118.mp4,3:12,3:27
ugt-7VPhQ_E,https://youtu.be/ugt-7VPhQ_E,Humpback whales - Ballenas jorobadas (Megaptera novaeangliae) - Kaldfjord (Troms - Norway),creativeCommon,True,video_0119.mp4,0:50,1:05
XQYMQJ2qmF4,https://youtu.be/XQYMQJ2qmF4,Beautiful Humpback Whale Swimming and Playing in Clear Water - Animal Are Awesome,creativeCommon,True,video_0121.mp4,0:05,0:20
2GW084UvZUM,https://youtu.be/2GW084UvZUM,Humpback Whale Breaching in Slow Motion #shorts,creativeCommon,True,video_0122.mp4,0:00,0:13
DxLGc_kamm4,https://youtu.be/DxLGc_kamm4,"humpback whale 3, Maui, Hawaii",creativeCommon,True,video_0123.mp4,2:22,2:37
Hpnpj8wWsI0,https://youtu.be/Hpnpj8wWsI0,Volume up! The beautiful sound of a humpback   whale  #shorts,creativeCommon,True,video_0126.mp4,0:00,0:15
EybPdFgRaPg,https://youtu.be/EybPdFgRaPg,Great white (and tiger sharks) kills humpback whale and great white kills bull elephant seal,creativeCommon,False,video_0127.mp4,,
Gz2AaRJ07a4,https://youtu.be/Gz2AaRJ07a4,Beautiful Humpback Whales Dance | Blue Whale Game - Stay Away!!! | TourTripFun,creativeCommon,False,video_0128.mp4,,
zAaw8yoZZjs,https://youtu.be/zAaw8yoZZjs,"Humpback whales, seals and gulls (Farallon Islands, San Francisco, California)",creativeCommon,True,video_0129.mp4,4:55,5:10
sEbKnXa-Tdg,https://youtu.be/sEbKnXa-Tdg,Saving Humpback Whale from Entanglement,creativeCommon,True,video_0131.mp4,0:05,0:20
WMVezwtlbOc,https://youtu.be/WMVezwtlbOc,Humpback Whale breaching,creativeCommon,True,video_0132.mp4,0:00,0:04
bG83945zeJU,https://youtu.be/bG83945zeJU,Great whites kill healthy humpback whale,creativeCommon,False,video_0133.mp4,,
LajBrMPY1jU,https://youtu.be/LajBrMPY1jU,Blue Whale blowing 100 meter from the boat - Baja California - Thore Noernberg Whale Watching,creativeCommon,False,video_0134.mp4,,
gQUrquj3wDE,https://youtu.be/gQUrquj3wDE,Humpback whale visits New Jersey June 2015,creativeCommon,True,video_0135.mp4,0:10,0:25
sXzFjTuyYmI,https://youtu.be/sXzFjTuyYmI,Killer Whale &amp; Dolphin - Whale Jump Slow Motion Compilation 3 -Whale Attack üêã #shorts #sea #whale,creativeCommon,True,video_0136.mp4,0:15,0:26
G_pmA60mbIE,https://youtu.be/G_pmA60mbIE,HUMPBACK WHALES @ HERMANUS - SOUTH AFRICA (HD),creativeCommon,True,video_0137.mp4,0:00,0:15
GVlN9siQr-Q,https://youtu.be/GVlN9siQr-Q,Humpback Whales - Brier Island,creativeCommon,True,video_0138.mp4,0:40,0:55
Zg6jLSaEtCQ,https://youtu.be/Zg6jLSaEtCQ,"Humpback Whale by Drone Clovelly and Coogee beaches, Sydney, Australia, August 21, 2020",creativeCommon,True,video_0139.mp4,0:40,0:55
pD9fLSa5oH0,https://youtu.be/pD9fLSa5oH0,Newfoundland Humpback Whales,creativeCommon,True,video_0140.mp4,0:45,1:00
slZq2kL9njk,https://youtu.be/slZq2kL9njk,Baleine √† bosses (Megaptera novaeangliae) Humpback Whale,creativeCommon,True,video_0141.mp4,0:00,0:15
5lVC4PnHOoY,https://youtu.be/5lVC4PnHOoY,Republic of Dominica / Las terrenas / Carnaval / Humpback whale,creativeCommon,True,video_0142.mp4,0:28,0:34
5os2kYJSFmY,https://youtu.be/5os2kYJSFmY,Earth Is Blue: Collaboration at Hawaiian Islands Humpback Whale National Marine Sanctuary,creativeCommon,False,video_0143.mp4,,
aip8zOb11E8,https://youtu.be/aip8zOb11E8,Humpback Whales in Maui 2013,creativeCommon,True,video_0144.mp4,2:00,2:15
cPXvyZZ0SdQ,https://youtu.be/cPXvyZZ0SdQ,Humpback Whale,creativeCommon,False,video_0145.mp4,,
aYxJOTAeE9A,https://youtu.be/aYxJOTAeE9A,&quot;Copyright free Sound-Effect&quot; Humpback Whale Call sound effect royalty free royalty free,creativeCommon,False,video_0146.mp4,,
lzMeoPLPF9I,https://youtu.be/lzMeoPLPF9I,Whale watching off Cape Spear,creativeCommon,True,video_0147.mp4,0:04,0:19
1YmZMdF5bA8,https://youtu.be/1YmZMdF5bA8,Humpback Whale Cut Free from Marine Debris - Maui 02.19.14 (Part 1),creativeCommon,True,video_0148.mp4,0:00,0:15
4JHqSAy6t9w,https://youtu.be/4JHqSAy6t9w,Humpback Whale showing tail at Bahia de La Paz - Thore Noernberg Whale Watching,creativeCommon,True,video_0150.mp4,0:00,0:12
TJ3X9Lh_3ZM,https://youtu.be/TJ3X9Lh_3ZM,PhD George Kostandi AC4 Black Flag Humpback Whale gamium 32,creativeCommon,False,video_0151.mp4,,
hBsFarHE1GQ,https://youtu.be/hBsFarHE1GQ,Why whales sing,creativeCommon,True,video_0152.mp4,0:00,0:15
1dg3iPV-28o,https://youtu.be/1dg3iPV-28o,Humpback whales breach,creativeCommon,True,video_0153.mp4,0:00,0:15
xutojQbnxfY,https://youtu.be/xutojQbnxfY,Gloucester HarborWalk #36 Humpback Whale Watching-Cape Ann Whale Watch Gloucester MA,creativeCommon,True,video_0154.mp4,0:05,0:20
k-HnpCT2ilA,https://youtu.be/k-HnpCT2ilA,"Humpback Whales, California",creativeCommon,True,video_0155.mp4,0:50,1:05
UHFri3w2Ezo,https://youtu.be/UHFri3w2Ezo,Close Encounter Humpback Whales from TheMadDogs com,creativeCommon,True,video_0156.mp4,0:10,0:25
i3iC-VNfMMw,https://youtu.be/i3iC-VNfMMw,"Humpback whale breach compilation (Seabright Beach, Santa Cruz, California)",creativeCommon,True,video_0158.mp4,0:34,0:49
z9Bz-y7QSF8,https://youtu.be/z9Bz-y7QSF8,Kayakers Get the Surprise Of Their Life- Humpback Whale Surprise- Wait For It- Inches From kayaker,creativeCommon,True,video_0159.mp4,0:30,0:42
SXiKx7V8otI,https://youtu.be/SXiKx7V8otI,CIMS Humpback Responds20110731,creativeCommon,True,video_0161.mp4,0:15,0:30
FAMnckH8N_Y,https://youtu.be/FAMnckH8N_Y,Up She rises  Humpback Whale air lifts seagull,creativeCommon,True,video_0162.mp4,0:00,0:05
ZYwSxoRAkuQ,https://youtu.be/ZYwSxoRAkuQ,Copyright free Sound Effect Humpback Whale royalty free royalty free,creativeCommon,False,video_0163.mp4,,
NsijYD_F3qA,https://youtu.be/NsijYD_F3qA,"Humpback whales breaching off the cost of Maui, March 2022",creativeCommon,True,video_0164.mp4,0:30,0:45
4N_zwuDxBa0,https://youtu.be/4N_zwuDxBa0,Humpback soaks whale watchers off Alaska,creativeCommon,True,video_0165.mp4,0:00,0:15
FeWNiyNH6vY,https://youtu.be/FeWNiyNH6vY,Humpback Whale surfacing beside our boat.,creativeCommon,True,video_0166.mp4,0:00,0:15
Pycaf0MhCkA,https://youtu.be/Pycaf0MhCkA,The Secret Life of Whales | Nicholas Pyenson,creativeCommon,False,video_0167.mp4,,
nyxaX_AywxQ,https://youtu.be/nyxaX_AywxQ,NOAA unmanned technologies center captures rare whale behavior,creativeCommon,True,video_0168.mp4,0:00,0:15
rbLmyEEwlws,https://youtu.be/rbLmyEEwlws,Humpback Whale Shows AMAZING Appreciation After Being Freed From Nets,creativeCommon,True,video_0169.mp4,7:28,7:43
3SMabCPPzGM,https://youtu.be/3SMabCPPzGM,Humpback whales &#39;bubble net feeding&#39;.,creativeCommon,True,video_0170.mp4,0:00,0:15
8KkYluhWnO8,https://youtu.be/8KkYluhWnO8,"humpback whale 2, Maui, Hawaii",creativeCommon,True,video_0171.mp4,0:50,1:05
iyWN_GxgVrc,https://youtu.be/iyWN_GxgVrc,"The sounds of humpback Whales through the didgeridoo, Spine shivering , by | Gettin Didgee | TEDxSBU",creativeCommon,False,video_0172.mp4,,
c7LGCFBacjs,https://youtu.be/c7LGCFBacjs,Humpback whale Grindavik Iceland,creativeCommon,True,video_0173.mp4,2:00,2:15
jr1-WBOk4Hc,https://youtu.be/jr1-WBOk4Hc,Humpback whale close up slow mo,creativeCommon,True,video_0174.mp4,0:15,0:30
IxPz529WOXM,https://youtu.be/IxPz529WOXM,"Baby Humpback Whale Freed From Shark Nets Off The Gold Coast, Queensland, Australia",creativeCommon,True,video_0175.mp4,0:05,0:20
eA5K8ux0v7o,https://youtu.be/eA5K8ux0v7o,"Humpback whale near Akureyri, Iceland",creativeCommon,True,video_0176.mp4,0:00,0:15
c8OkwE68_RI,https://youtu.be/c8OkwE68_RI,Humpback Whale Tail Slapping off Maui,creativeCommon,True,video_0177.mp4,0:00,0:15
b0QJ-w-KgfA,https://youtu.be/b0QJ-w-KgfA,Scientists Scratching Their Heads Over Disappearance of Humpback Whales,creativeCommon,False,video_0178.mp4,,
HUnwwQBbIrY,https://youtu.be/HUnwwQBbIrY,"Whale Eat Pelicans   Pelican eat Cat, Bird, Fish",creativeCommon,False,video_0179.mp4,,
0JhO1A3h39c,https://youtu.be/0JhO1A3h39c,Humpback Whale Flipper Slapping,creativeCommon,True,video_0180.mp4,0:30,0:45
KQAIxJ38H1w,https://youtu.be/KQAIxJ38H1w,"kapsoo kim,humpback whale,interactive art,Í∏∞Ïà†Í≥º ÏòàÏà†",creativeCommon,False,video_0181.mp4,,
uPUzaURss0I,https://youtu.be/uPUzaURss0I,"Humpback whales &quot;bubble netting&quot; in Juneau, AK",creativeCommon,True,video_0182.mp4,0:00,0:15
Vire-ZzI9W0,https://youtu.be/Vire-ZzI9W0,üòç ùóïùó≤ùòÄùòÅ ùó™ùóµùóÆùóπùó≤ ùó™ùóÆùòÅùó∞ùóµùó∂ùóªùó¥ ùó©ùó∂ùó±ùó≤ùóº  üò≤ | B ü·¥ú·¥á W ú·¥Ä ü·¥á H·¥ú·¥ç·¥ò ô·¥Ä·¥Ñ·¥ã W ú·¥Ä ü·¥á | #Shorts,creativeCommon,True,video_0183.mp4,0:00,0:15
f3YxmTuyWkc,https://youtu.be/f3YxmTuyWkc,Humpback splashing fin,creativeCommon,True,video_0184.mp4,0:00,0:15
sxxaX0D-7Bc,https://youtu.be/sxxaX0D-7Bc,Humpback Whale Cut Free from Marine Debris - Maui 02.19.14 (Part 3),creativeCommon,False,video_0185.mp4,,
-yQBAlIngU8,https://youtu.be/-yQBAlIngU8,Do Whales and Dolphins have Parasites? | WHALEZONE.TV S3E1,creativeCommon,False,video_0186.mp4,,
b86TbPGZOQI,https://youtu.be/b86TbPGZOQI,Humpback whales fight Orcas to protect other species  Why?,creativeCommon,False,video_0188.mp4,,
qcsoetuZ1z4,https://youtu.be/qcsoetuZ1z4,Humpback Whale Call,creativeCommon,False,video_0189.mp4,,
wPoulPMBqgU,https://youtu.be/wPoulPMBqgU,An introduction to the Humpbacks of Hawaii,creativeCommon,False,video_0190.mp4,,
vvo_r70QoFU,https://youtu.be/vvo_r70QoFU,Up Close with Humpback Whales  Newfoundland December 21 2020,creativeCommon,True,video_0191.mp4,0:25,0:40
nA37471PVu0,https://youtu.be/nA37471PVu0,Listen to whale songs change pitch over time,creativeCommon,False,video_0192.mp4,,
KOksy553ejs,https://youtu.be/KOksy553ejs,Pixelart speedpainting 201228 Humpback whale,creativeCommon,False,video_0194.mp4,,
bVq6kl9Y-Hc,https://youtu.be/bVq6kl9Y-Hc,Humpback Competition Pod   Maui 2016,creativeCommon,True,video_0195.mp4,3:00,3:19
JOgaBKm3vc0,https://youtu.be/JOgaBKm3vc0,#shorts | Man swallowed by whale but didn&#39;t die,creativeCommon,False,video_0196.mp4,,
NgmkBsXlHnE,https://youtu.be/NgmkBsXlHnE,"South of Gerringong Boat Harbour, NSW, Australia, Overcast summer days Humpback whales passing by.",creativeCommon,True,video_0197.mp4,1:15,1:30
VYGBwJCNDos,https://youtu.be/VYGBwJCNDos,Whale in Mackay,creativeCommon,True,video_0198.mp4,0:20,0:35
fYkjq6w8RYk,https://youtu.be/fYkjq6w8RYk,Humpback whales campbell river bc,creativeCommon,True,video_0199.mp4,0:13,0:28
vdxjS-JRoX0,https://youtu.be/vdxjS-JRoX0,Blue Whale: largest animal ever on earth!üò±üêã,creativeCommon,False,video_0200.mp4,,
_gBjKebuSh4,https://youtu.be/_gBjKebuSh4,Orca &amp; Humpback Camp in Skjervoy / Norway,creativeCommon,True,video_0202.mp4,1:25,1:40
SYzZZSLdrbA,https://youtu.be/SYzZZSLdrbA,blue whale and child,creativeCommon,False,video_0203.mp4,,
lQAkd8GFJH8,https://youtu.be/lQAkd8GFJH8,whale jumping,creativeCommon,True,video_0204.mp4,0:00,0:15
2Vc2tr6-TZU,https://youtu.be/2Vc2tr6-TZU,Daily Drawing Fountain Pen Randomogrifier: A Humpback Whale,creativeCommon,False,video_0205.mp4,,
t7JGvXKA2JU,https://youtu.be/t7JGvXKA2JU,Graphing Historic Humpback Landings,creativeCommon,False,video_0207.mp4,,
-5PXm8wsN-0,https://youtu.be/-5PXm8wsN-0,How far can Whales and Dolphins be heard? | WHALEZONE.TV S2E7,creativeCommon,True,video_0208.mp4,1:40,1:55
NqxuNJ8FJDg,https://youtu.be/NqxuNJ8FJDg,Blue Whale jumping!!!! satisfying video #shorts,creativeCommon,True,video_0209.mp4,0:00,0:08
7nf_GgUXphw,https://youtu.be/7nf_GgUXphw,&quot;Safe space&quot; - Surrealistic humpback whale painting - acrylic and airbrush,creativeCommon,False,video_0210.mp4,,
OTPQOVeP6Uk,https://youtu.be/OTPQOVeP6Uk,Best Whale Watching Ever!!!!!!!,creativeCommon,True,video_0211.mp4,3:05,3:20
KV1XSxkNCl4,https://youtu.be/KV1XSxkNCl4,"ALASKA&#39;S INSIDE PASSAGE (Part 1/6) - WHALE WATCHING in AUKE BAY, JUNEAU",creativeCommon,True,video_0214.mp4,1:40,1:55
C3i2TOcx1Vc,https://youtu.be/C3i2TOcx1Vc,whale jumps right next to the boat,creativeCommon,True,video_0216.mp4,0:00,0:09
sUURQmZAiTg,https://youtu.be/sUURQmZAiTg,Mama Humpback and her calf came close to the boat!,creativeCommon,True,video_0217.mp4,0:38,0:53
TI6ghGAckME,https://youtu.be/TI6ghGAckME,How Whales and Dolphins control Buoyancy? | WHALEZONE.TV S2E2,creativeCommon,False,video_0218.mp4,,
QUvxggkowAI,https://youtu.be/QUvxggkowAI,"2 Women swallowed by a whale in Avila beach , California!",creativeCommon,True,video_0219.mp4,0:25,0:40
PBBU4IxkIsI,https://youtu.be/PBBU4IxkIsI,Your Earth Is Blue: Happy Halloween!,creativeCommon,False,video_0220.mp4,,
B_eCM5oybBQ,https://youtu.be/B_eCM5oybBQ,Birth of a Killer Whale at SeaWorld¬Æ,creativeCommon,False,video_0221.mp4,,
_GnB7uKLRYQ,https://youtu.be/_GnB7uKLRYQ,South for Summer,creativeCommon,True,video_0222.mp4,0:40,0:55
XMxalUuhNCQ,https://youtu.be/XMxalUuhNCQ,Grey Whale shows tail 2 times - Baja California - Thore Noernberg Whale Watching,creativeCommon,False,video_0223.mp4,,
HS9OIBifQVw,https://youtu.be/HS9OIBifQVw,The Sound of Sperm Whales | WHALEZONE.TV,creativeCommon,False,video_0224.mp4,,
_M9CMI5EjcQ,https://youtu.be/_M9CMI5EjcQ,Humpback Whale Painting by David Munroe,creativeCommon,False,video_0225.mp4,,
yrl8AqRP1pE,https://youtu.be/yrl8AqRP1pE,Kauai Whales HD,creativeCommon,True,video_0226.mp4,0:55,1:10
k0ixy1LVCVA,https://youtu.be/k0ixy1LVCVA,Whale Blows Water Sound Effect | Humpback Sea Whale Blowing Water Sounds | Royalty Free,creativeCommon,False,video_0227.mp4,,
3S2PbkQwbyw,https://youtu.be/3S2PbkQwbyw,#shorts | Big Blue Whale with drone&#39;s Footage | Biggest creature on Earth #whale,creativeCommon,True,video_0228.mp4,0:05,0:20
9CtUFzka0w0,https://youtu.be/9CtUFzka0w0,Whale Watching at Santa Cruise Island with Island Packers,creativeCommon,False,video_0229.mp4,,
23XFBi2tn20,https://youtu.be/23XFBi2tn20,I Saw Whales! | Monterey | California Travel Guide Highlights,creativeCommon,False,video_0230.mp4,,
szM2QHZaqMY,https://youtu.be/szM2QHZaqMY,Species at Risk in Atlantic Canada - Blue Whale,creativeCommon,False,video_0231.mp4,,
cGlbbXmUMKU,https://youtu.be/cGlbbXmUMKU,humpback.AVI,creativeCommon,True,video_0233.mp4,0:00,0:14
WJFV0Y48BW8,https://youtu.be/WJFV0Y48BW8,Stories from the Blue: Uncle Sol,creativeCommon,False,video_0234.mp4,,
V-kNc0wy4sw,https://youtu.be/V-kNc0wy4sw,Blue Whale Baleia Azul de 30 Metros,creativeCommon,False,video_0236.mp4,,
7pppjLPqT9g,https://youtu.be/7pppjLPqT9g,China 2019 - The Secret Life of Whales,creativeCommon,False,video_0237.mp4,,
tGgBXiNOEc8,https://youtu.be/tGgBXiNOEc8,"They Came Across A Giant Orca, On Closer Inspection, Something Didn‚Äôt Look Right",creativeCommon,True,video_0238.mp4,0:40,0:55
HLQO9tbuBk8,https://youtu.be/HLQO9tbuBk8,Port Stephens Private Tour for Whales Watching and Dunes,creativeCommon,True,video_0239.mp4,4:30,4:45
OEDiYTK1fes,https://youtu.be/OEDiYTK1fes,Your Earth is Blue: XL Catlin Seaview Survey in Hawaii,creativeCommon,False,video_0240.mp4,,
zCwSOpnwqZc,https://youtu.be/zCwSOpnwqZc,Dr Dave Lundquist on whale strandings,creativeCommon,False,video_0241.mp4,,
De9o63f3lCE,https://youtu.be/De9o63f3lCE,Blue Whale Facts: 23 facts about the Blue Whale,creativeCommon,False,video_0242.mp4,,
loyJhEcs7YM,https://youtu.be/loyJhEcs7YM,"Planet Dolphin Catamaran -Manuel Antonio,CR",creativeCommon,True,video_0243.mp4,0:49,0:56
VgXcUtZiURI,https://youtu.be/VgXcUtZiURI,Sydney Premium Whale Watching Cruise and Sydney Private Tour,creativeCommon,True,video_0244.mp4,1:45,2:00
4j-JsR8j2D8,https://youtu.be/4j-JsR8j2D8,Wild Dolphins Hawaii | Smart Dolphins | Cetacea and the Ocean - Sailing Aulani Aloha,creativeCommon,True,video_0245.mp4,4:10,4:25
iTj6pofVoiM,https://youtu.be/iTj6pofVoiM,"Whales,Dolphins,Seals Watching Cruise Port Stephens Australia",creativeCommon,True,video_0246.mp4,5:55,6:10
gU8uKUdrbbE,https://youtu.be/gU8uKUdrbbE,Plastic consequences on Whales and Dolphins? | WHALEZONE.TV S1E2,creativeCommon,False,video_0247.mp4,,
_u_WcMv_fdE,https://youtu.be/_u_WcMv_fdE,Your Earth Is Blue: Dolphins,creativeCommon,False,video_0248.mp4,,
cAHR6pO4TOc,https://youtu.be/cAHR6pO4TOc,Whale Watching - The Happy Whale in Byron Bay,creativeCommon,True,video_0249.mp4,6:15,6:30
KhHAFLsNaiM,https://youtu.be/KhHAFLsNaiM,G2 Humpback,creativeCommon,False,video_0250.mp4,,
L8maKFe5Em4,https://youtu.be/L8maKFe5Em4,Carving a Whale from Polystyrene / Styrofoam by Sculpture Studios,creativeCommon,False,video_0251.mp4,,
KN8cpRJn7tU,https://youtu.be/KN8cpRJn7tU,this is what is beggest whale in the world,creativeCommon,True,video_0252.mp4,4:34,4:49
7f8s6zVzpM0,https://youtu.be/7f8s6zVzpM0,150 Whales Beached in Australia | as Rescuers Fight | to Save Them,creativeCommon,False,video_0253.mp4,,
28GWJnuIEN4,https://youtu.be/28GWJnuIEN4,Whale almost knocking over standuppaddler!,creativeCommon,True,video_0254.mp4,0:13,0:28
11j1dvvmffM,https://youtu.be/11j1dvvmffM,Your Earth is Blue: Exploring an F6F Hellcat Fighter Wreck,creativeCommon,False,video_0255.mp4,,
_bsfYpM6kCs,https://youtu.be/_bsfYpM6kCs,22/01/02 Point Robinson humpback clip,creativeCommon,False,video_0256.mp4,,
wi3bfPTbojc,https://youtu.be/wi3bfPTbojc,"There Be Whales, Jim!",creativeCommon,True,video_0257.mp4,1:38,1:53
shAGY-ckut0,https://youtu.be/shAGY-ckut0,Iceberg Quest with NBC crew from NY,creativeCommon,False,video_0258.mp4,,
2fyj4fuc7QU,https://youtu.be/2fyj4fuc7QU,Doberman makes whale sounds!,creativeCommon,False,video_0260.mp4,,
09zqo1KtRxU,https://youtu.be/09zqo1KtRxU,Your Earth is Blue: Coral Reef Bleaching,creativeCommon,False,video_0261.mp4,,
tf8BBa1v5mc,https://youtu.be/tf8BBa1v5mc,Your Earth Is Blue: Stellwagen Bank and Monterey Bay,creativeCommon,True,video_0262.mp4,0:14,0:29
Fh2rekzElVQ,https://youtu.be/Fh2rekzElVQ,Whale washed up in Felixstowe,creativeCommon,False,video_0263.mp4,,
BAknViVphaw,https://youtu.be/BAknViVphaw,SYNTH BLOKIA DONT PASS IT UP ITS A JOURNEY,creativeCommon,False,video_0264.mp4,,
5yNbUEMtOsI,https://youtu.be/5yNbUEMtOsI,Your Earth Is Blue: Measuring Sound in Cordell Bank National Marine Sanctuary,creativeCommon,False,video_0265.mp4,,
iXjpyhdYxbg,https://youtu.be/iXjpyhdYxbg,Rock-rubbing bowhead whale,creativeCommon,False,video_0266.mp4,,
EJCSp-lg0AQ,https://youtu.be/EJCSp-lg0AQ,Risso&#39;s dolphins,creativeCommon,False,video_0267.mp4,,
f5g4HwDj7NA,https://youtu.be/f5g4HwDj7NA,Killer whale facts: 20 facts about Killer Whales,creativeCommon,False,video_0268.mp4,,
VOG_29JCX7w,https://youtu.be/VOG_29JCX7w,"Amazing Sperm Whales in S√£o Miguel, Azores | TERRA AZUL‚Ñ¢",creativeCommon,False,video_0269.mp4,,
Iwj79xnsCYE,https://youtu.be/Iwj79xnsCYE,Great White Shark Warns Irresponsible Scuba Diver,creativeCommon,False,video_0270.mp4,,
faPMXOUEIJA,https://youtu.be/faPMXOUEIJA,"Blue and Fin whales in S√£o Miguel, Azores Islands | TERRA AZUL‚Ñ¢",creativeCommon,False,video_0271.mp4,,
pRk8cCCo3JQ,https://youtu.be/pRk8cCCo3JQ,Interesting facts about long finned pilot whale by weird square,creativeCommon,False,video_0272.mp4,,
EYrPAZoLbUA,https://youtu.be/EYrPAZoLbUA,Natural Selection In Whales,creativeCommon,False,video_0273.mp4,,
7hS7F8vk_aI,https://youtu.be/7hS7F8vk_aI,Thrilling orca sighting off the KZN South Coast - Footage Credit - Rustin Naidoo/ First Lite,creativeCommon,False,video_0274.mp4,,
uhYgFsnvZh4,https://youtu.be/uhYgFsnvZh4,Your Earth Is Blue: Hawaiian Monk Seal,creativeCommon,False,video_0275.mp4,,
uGXpk4Nft6M,https://youtu.be/uGXpk4Nft6M,Your Earth Is Blue: Moray Eel,creativeCommon,False,video_0276.mp4,,
CiBMVY82KHA,https://youtu.be/CiBMVY82KHA,Kingfish Orca Liveaboard Norway,creativeCommon,False,video_0277.mp4,,
-OvA-hj1hfY,https://youtu.be/-OvA-hj1hfY,Lonely Whale VR,creativeCommon,False,video_0279.mp4,,
CyyMNtmu724,https://youtu.be/CyyMNtmu724,Stories from the Blue: Kimokeo Kapahulehua,creativeCommon,False,video_0280.mp4,,
SvZrcqFmSXM,https://youtu.be/SvZrcqFmSXM,Majestic sperm whale by Spray Art Eden,creativeCommon,False,video_0281.mp4,,
2AyJE_18eRQ,https://youtu.be/2AyJE_18eRQ,Devoted Humpback Mama Basking In The Warm Watter Of Tonga,creativeCommon,True,video_0282.mp4,0:00,0:15
bPq9nWZZHPM,https://youtu.be/bPq9nWZZHPM,Basking shark near Channel Islands National Marine Sanctuary,creativeCommon,False,video_0283.mp4,,
VVjPgqawT4Y,https://youtu.be/VVjPgqawT4Y,"CLOSE UP OF DEAD SPERM WHALE AT HUNSTANTON, NORFOLK - 25.01.2016",creativeCommon,False,video_0284.mp4,,
F_i4MRez4V8,https://youtu.be/F_i4MRez4V8,Spitting Cave and Whales Hawaii,creativeCommon,False,video_0285.mp4,,
73vPFnxN8U0,https://youtu.be/73vPFnxN8U0,"Killer Whales in the Wild, in S√£o Miguel | Azores Whale Watching TERRA AZUL‚Ñ¢",creativeCommon,False,video_0286.mp4,,
6bAhV6TiKVY,https://youtu.be/6bAhV6TiKVY,Bedtime story | The Whale Who Ate Everything,creativeCommon,False,video_0287.mp4,,
jqNfiGebw9E,https://youtu.be/jqNfiGebw9E,Shamu   FU  Killer Whale San Diego Accident,creativeCommon,False,video_0288.mp4,,
FkZ8ku4QSgk,https://youtu.be/FkZ8ku4QSgk,My TripAdvisor Discovery ‚Äì Whale Watching in California,creativeCommon,True,video_0290.mp4,0:20,0:35
x6B6SsVjdNU,https://youtu.be/x6B6SsVjdNU,Antarctica 2020 ‚Äì A photoPXL and Rockhopper Workshop,creativeCommon,True,video_0291.mp4,6:57,7:00
ssmZ07gMD9I,https://youtu.be/ssmZ07gMD9I,"CAGED (St. Mary&#39;s Bay, Nova Scotia Salmon Cages)",creativeCommon,True,video_0292.mp4,6:45,7:00
Vd5gKgcSu9c,https://youtu.be/Vd5gKgcSu9c,Turtle Talk: Leatherback Sea Turtles,creativeCommon,False,video_0293.mp4,,
4CkdF8D--Nk,https://youtu.be/4CkdF8D--Nk,Did we almost just get eaten by a crocodile?   [Ep.10],creativeCommon,False,video_0294.mp4,,
-86IlwcvG1c,https://youtu.be/-86IlwcvG1c,Sperm Whales / Cachalotes,creativeCommon,False,video_0295.mp4,,
4rm42Aev0_s,https://youtu.be/4rm42Aev0_s,Medieval Bestiary: The Whale,creativeCommon,False,video_0296.mp4,,
qxsk3FRnAT4,https://youtu.be/qxsk3FRnAT4,Devoted Humpback Mama Basking In The Warm Watter Of Tonga,creativeCommon,True,video_0297.mp4,0:00,0:15
o_ZyNm3cxFw,https://youtu.be/o_ZyNm3cxFw,SNESdrunk Plays Secret of Mana: Whale Lizard - PART 10,creativeCommon,False,video_0299.mp4,,
N6ieaNCC6rM,https://youtu.be/N6ieaNCC6rM,Humpback is dancing,creativeCommon,False,video_0300.mp4,,
4NxP1AA3FfA,https://youtu.be/4NxP1AA3FfA,"BHEL fish üò± üêü , fish short video",creativeCommon,False,video_0301.mp4,,
eDLuyJWT0Lg,https://youtu.be/eDLuyJWT0Lg,"Sei Whale (Balaenoptera borealis) in S√£o Miguel, Azores Islands | TERRA AZUL‚Ñ¢",creativeCommon,False,video_0302.mp4,,
Ojyqmw36PM0,https://youtu.be/Ojyqmw36PM0,Beluga Whales Video for Kids With FREE Activity Workbook Download!,creativeCommon,False,video_0303.mp4,,
bYhVe8zfMiU,https://youtu.be/bYhVe8zfMiU,"David Rothenberg - &#39;Bird, Whale, Bug&#39; concert",creativeCommon,False,video_0304.mp4,,
wM8Yzr_Jy1c,https://youtu.be/wM8Yzr_Jy1c,"Iceland H√∫sav√≠k North Sailing Whale  Hunting by drone in ocean , whale watching tour",creativeCommon,True,video_0305.mp4,2:40,2:55
FdQ350wDcJU,https://youtu.be/FdQ350wDcJU,Largest baleen whale mass mortality event - PeerJ video abstract,creativeCommon,False,video_0307.mp4,,
y-2IoDaX160,https://youtu.be/y-2IoDaX160,Amazing Rural Fishing Video üêü Best Asian Fishing Technique üêü #shorts,creativeCommon,False,video_0308.mp4,,
vr8wWAtU9C8,https://youtu.be/vr8wWAtU9C8,What!! Baby whale wants to be pet! ‚ñ∫ | Gray Whale watching - Baja Mexico EP10 - Live and Give 4x4,creativeCommon,False,video_0309.mp4,,
imBLLN3e_fs,https://youtu.be/imBLLN3e_fs,Killer Whale | Spray technique with acrylic by Spray Art Eden,creativeCommon,False,video_0310.mp4,,
3GLcWFVatXY,https://youtu.be/3GLcWFVatXY,Whale encounters and Fishing North QLD (Whale nearly hits Boat),creativeCommon,False,video_0311.mp4,,
8Q9GDw3-k3U,https://youtu.be/8Q9GDw3-k3U,Surfer got surprise visit by blue whalesüê≥üê≥ #bluewhale #surfers #whale #shorts #viralshorts,creativeCommon,False,video_0312.mp4,,
9OfFDORrBUI,https://youtu.be/9OfFDORrBUI,Devoted humpback mama basking in the warm water of Tonga,creativeCommon,True,video_0313.mp4,0:00,0:15
zlBSiILunKU,https://youtu.be/zlBSiILunKU,Humpback in Resurrection Bay,creativeCommon,True,video_0314.mp4,0:00,0:06
mfL1FcMaf6c,https://youtu.be/mfL1FcMaf6c,How To Animate A Whale In 5 Minutes In Cinema4D - Quick Tutorial,creativeCommon,False,video_0315.mp4,,
GrWpwOSGZBs,https://youtu.be/GrWpwOSGZBs,"Cara a cara com a baleia, jubarte, ser√° ??",creativeCommon,True,video_0317.mp4,0:00,0:13
Mpt3K8t7h2o,https://youtu.be/Mpt3K8t7h2o,Seabird and Whale Tales 2015 by Debbie Plume,creativeCommon,True,video_0318.mp4,2:55,3:10
tfvF6OWu0hM,https://youtu.be/tfvF6OWu0hM,whale sound (2021) #shorts# amazing sound wanle,creativeCommon,False,video_0319.mp4,,
I8xqtZF79v8,https://youtu.be/I8xqtZF79v8,An Animal With 150000 KG Body Weight.#shorts,creativeCommon,False,video_0320.mp4,,
Lu72L6gVBdQ,https://youtu.be/Lu72L6gVBdQ,viral video see fishüêãüê¨üê¨,creativeCommon,False,video_0321.mp4,,
waLRDbbrUu4,https://youtu.be/waLRDbbrUu4,WHAT IS THIS? #SHORTS,creativeCommon,True,video_0323.mp4,0:00,0:12
soz7B8qy7fk,https://youtu.be/soz7B8qy7fk,king whale (2021) #shorts,creativeCommon,False,video_0324.mp4,,
QZNvqlanoio,https://youtu.be/QZNvqlanoio,Whales morning,creativeCommon,True,video_0325.mp4,0:40,0:55
OgKur4hpBmY,https://youtu.be/OgKur4hpBmY,Sydney Whale Watching,creativeCommon,True,video_0326.mp4,0:15,0:30
lQlAPb2nxvI,https://youtu.be/lQlAPb2nxvI,king whale (2021) #shorts,creativeCommon,True,video_0327.mp4,0:00,0:15
vUkK0gXXTgA,https://youtu.be/vUkK0gXXTgA,king whale (2021) #shorts,creativeCommon,True,video_0328.mp4,0:00,0:15
UcI5kd9oiaY,https://youtu.be/UcI5kd9oiaY,king whale (2021) #shorts,creativeCommon,True,video_0329.mp4,0:00,0:13
fdmcWj-KE-0,https://youtu.be/fdmcWj-KE-0,Playful Dolphins,creativeCommon,True,video_0330.mp4,0:00,0:15
ad660PBROXE,https://youtu.be/ad660PBROXE,Follow for more video       #reels  #explorepage #explore #youradventuregram #nature #sea #ocean,creativeCommon,True,video_0331.mp4,0:00,0:07
vhTtbLfnjaI,https://youtu.be/vhTtbLfnjaI,The Best Whale compilation! Stunning! Swim with the whales,creativeCommon,True,video_0332.mp4,3:00,3:15
TA-eEiIPbYk,https://youtu.be/TA-eEiIPbYk,Baleine √† bosse au Pr√™cheur en 2015,creativeCommon,True,video_0333.mp4,0:00,0:13
rHodTbB-s2w,https://youtu.be/rHodTbB-s2w,amazing videos | üò≤üò≤üòØüëç,creativeCommon,True,video_0334.mp4,0:15,0:30
os2SlpNa53g,https://youtu.be/os2SlpNa53g,Beautiful whale song,creativeCommon,True,video_0335.mp4,0:00,0:15
ks6qaJBu-D4,https://youtu.be/ks6qaJBu-D4,DELFIN,creativeCommon,False,video_0336.mp4,,
Lt6NIPvGv7E,https://youtu.be/Lt6NIPvGv7E,Follow for more video       #reels  #explorepage #explore #youradventuregram #nature #sea #ocean,creativeCommon,True,video_0337.mp4,0:00,0:07
z8zX3Hi9m0Y,https://youtu.be/z8zX3Hi9m0Y,Whale watching at Digby Canada | Digby Nova Scotia | Bay of Fundy,creativeCommon,False,video_0338.mp4,,
5vJ2wP3v4qA,https://youtu.be/5vJ2wP3v4qA,Whale Watching Maui 2020 With Pacific Whale Foundation Hawaii,creativeCommon,True,video_0339.mp4,1:05,1:20
C94uYBtnHd0,https://youtu.be/C94uYBtnHd0,king whale (2021) #shorts,creativeCommon,True,video_0340.mp4,0:00,0:15
MUSDnCjnQh8,https://youtu.be/MUSDnCjnQh8,21 WHALES,creativeCommon,True,video_0341.mp4,7:35,7:50
Bju8uJVn5h0,https://youtu.be/Bju8uJVn5h0,whale time,creativeCommon,True,video_0342.mp4,3:45,4:00
BWRHCnqPIxs,https://youtu.be/BWRHCnqPIxs,whale sound (2021) #shorts# amazing sound wanle,creativeCommon,False,video_0343.mp4,,
kchIVHuCSmk,https://youtu.be/kchIVHuCSmk,Whale season is open !,creativeCommon,False,video_0344.mp4,,
Rfu7-Fa1H6A,https://youtu.be/Rfu7-Fa1H6A,Sitisfying Mix #asmr‚Äã #oddly‚Äã satisfying #satisfying‚Äã #shorts,creativeCommon,True,video_0345.mp4,0:00,0:13
5uyhW8t8Rrs,https://youtu.be/5uyhW8t8Rrs,Whale Watching - On The Bar Harbor Whale Watch Tour,creativeCommon,True,video_0346.mp4,2:42,2:57
xTnB5qm1JQg,https://youtu.be/xTnB5qm1JQg,Stunning Beautiful Amazing Words Just Don&#39;t Do It Ustice,creativeCommon,False,video_0347.mp4,,
4EmhKIz6aKY,https://youtu.be/4EmhKIz6aKY,Dreamer the Dark Whale,creativeCommon,False,video_0348.mp4,,
GPQL8QDRcd4,https://youtu.be/GPQL8QDRcd4,"Underwater Mother &amp; Calf Humpbacks Maui, Hawaii",creativeCommon,True,video_0349.mp4,0:25,0:40
ReTPJQOvdW4,https://youtu.be/ReTPJQOvdW4,New video whale jumping,creativeCommon,True,video_0350.mp4,1:00,1:15
RaO78zpLE28,https://youtu.be/RaO78zpLE28,whale safari Skjerv√∏y,creativeCommon,False,video_0352.mp4,,
84ZX_joirqY,https://youtu.be/84ZX_joirqY,Best Asian Fishing Video üêü Amazing Fishing  #shorts #fish #fishing #tiktok,creativeCommon,True,video_0353.mp4,0:00,0:11
mCI6gYzcePI,https://youtu.be/mCI6gYzcePI,Southern Right Whales,creativeCommon,False,video_0354.mp4,,
eWasRoRfQlk,https://youtu.be/eWasRoRfQlk,WHALE CHASING,creativeCommon,True,video_0355.mp4,4:08,4:23
9JPOjPQnRgI,https://youtu.be/9JPOjPQnRgI,Whale amazing beautiful nature with global music,creativeCommon,False,video_0356.mp4,,
4gkBL4DheXY,https://youtu.be/4gkBL4DheXY,wow activity animal in the world #shorts 2022-2023,creativeCommon,True,video_0357.mp4,0:00,0:12
NibxfMBtnZw,https://youtu.be/NibxfMBtnZw,whale sound (2021) #shorts# amazing sound wanle,creativeCommon,False,video_0358.mp4,,
RhiuKok0QS0,https://youtu.be/RhiuKok0QS0,#Covididiots Durdle Door Jumpers before the accident 30.05.20 Cliff Jump #tombstoning,creativeCommon,False,video_0359.mp4,,
pTB-Q3ke4QA,https://youtu.be/pTB-Q3ke4QA,WHALE SHARK SPRAY PAINT ART by Spray Art Eden „Çπ„Éó„É¨„Éº„Éö„Ç§„É≥„Éà„Ç¢„Éº„Éà„Ç®„Éá„É≥,creativeCommon,False,video_0361.mp4,,
jyy4XzpOULU,https://youtu.be/jyy4XzpOULU,Bubble Rings vs Whale Shark,creativeCommon,False,video_0362.mp4,,
802iuIJ5WzA,https://youtu.be/802iuIJ5WzA,Whale between Napasoq and Atammik,creativeCommon,True,video_0363.mp4,0:45,1:00
nPYp6-h6_zE,https://youtu.be/nPYp6-h6_zE,What is CHARISMATIC MEGAFAUNA? What does CHARISMATIC MEGAFAUNA mean?,creativeCommon,False,video_0364.mp4,,
H-ILCKpD4lY,https://youtu.be/H-ILCKpD4lY,Listening to Orcas off Vancouver Island with a Hydrophone,creativeCommon,False,video_0365.mp4,,
4aqHe52WEHE,https://youtu.be/4aqHe52WEHE,Name the interaction between a whale and the barnacles growing on its back.,creativeCommon,False,video_0366.mp4,,
SQW7mTY0e70,https://youtu.be/SQW7mTY0e70,145 pilot whales dead after mass stranding on Stewart Island,creativeCommon,False,video_0367.mp4,,
ptDOe8ffg-8,https://youtu.be/ptDOe8ffg-8,Whale Tuba!!,creativeCommon,False,video_0368.mp4,,
pTs_4u97OoE,https://youtu.be/pTs_4u97OoE,What is SPINDLE NEURON? What does SPINDLE NEURON mean? SPINDLE NEURON meaning &amp; explanation,creativeCommon,False,video_0369.mp4,,
UF1uVtklwnA,https://youtu.be/UF1uVtklwnA,Kn√∂lvalen i fiskdammen,creativeCommon,False,video_0370.mp4,,
3_VrVM2YOzg,https://youtu.be/3_VrVM2YOzg,Grey whale mother between the boats - Laguna Ojo de Liebre 0 Thore Noernberg Whale Watching,creativeCommon,False,video_0371.mp4,,
2cKovaSemkg,https://youtu.be/2cKovaSemkg,WHALE Diving Silicone Mask from Gearbest.com,creativeCommon,False,video_0372.mp4,,
iI1voQK_wO4,https://youtu.be/iI1voQK_wO4,Whale Stranding Rescue Effort 9-1-12 Full Version,creativeCommon,False,video_0373.mp4,,
SYYJVlxrw0I,https://youtu.be/SYYJVlxrw0I,Loch Ness Monster Mystery SOLVED?,creativeCommon,False,video_0375.mp4,,
mV9mN0I1DDg,https://youtu.be/mV9mN0I1DDg,Sky Whale üêã  / Acrylic Painting For Beginners / Step By Step #253 / Satisfying Art ASMR,creativeCommon,False,video_0376.mp4,,
UMcE4tc6LSE,https://youtu.be/UMcE4tc6LSE,Your Earth Is Blue: Coral Bleaching,creativeCommon,False,video_0377.mp4,,
GyTW0WVHOHI,https://youtu.be/GyTW0WVHOHI,Mozambique: Whale shark near Barra Beach,creativeCommon,False,video_0378.mp4,,
Inbit6wNU0k,https://youtu.be/Inbit6wNU0k,TOP SHOTS 6: Lo Mejor de la Ciencia Reciente,creativeCommon,False,video_0379.mp4,,
EwVD8iiHdm0,https://youtu.be/EwVD8iiHdm0,The Whales Are Gathering (improvised) | Song A Day #4602,creativeCommon,False,video_0380.mp4,,
GMQbQZ_lcUY,https://youtu.be/GMQbQZ_lcUY,John Dumas on Digeridoo Celebration Whales,creativeCommon,False,video_0381.mp4,,
RLqmMt_eR_M,https://youtu.be/RLqmMt_eR_M,AMAZING Swimming With WHALE SHARKS ~ Must Do in La Paz // Truck Camper Living in Baja // CtW S2 E26,creativeCommon,False,video_0382.mp4,,
rBjkAATYwYM,https://youtu.be/rBjkAATYwYM,‡Æ®‡Æø‡ÆØ‡ØÇ‡Æö‡Æµ‡ØÅ‡Æ§‡Øç ‡Æµ‡Øá‡Æ≤‡Øç‡Æ∏‡Øç ‡Æ™‡Æï‡ØÅ‡Æ§‡Æø‡ÆØ‡Æø‡Æ≤‡Øç ‡Æ§‡ØÜ‡Æ©‡Øç‡Æ™‡Æü‡Øç‡Æü 100 ‡Æ§‡Æø‡ÆÆ‡Æø‡Æô‡Øç‡Æï‡Æ≤‡Æô‡Øç‡Æï‡Æ≥‡Øç | Blue Whale,creativeCommon,True,video_0383.mp4,0:05,0:20
oTuPSptpvEw,https://youtu.be/oTuPSptpvEw,Un baleineau vient a notre rencontre,creativeCommon,True,video_0384.mp4,0:00,0:15
b4EDoK6A-pU,https://youtu.be/b4EDoK6A-pU,How to Draw a whale,creativeCommon,False,video_0386.mp4,,
WZrqC0pRKrs,https://youtu.be/WZrqC0pRKrs,How to draw a blue whale,creativeCommon,False,video_0387.mp4,,
qu3Wz1zploc,https://youtu.be/qu3Wz1zploc,How to draw a whale,creativeCommon,False,video_0389.mp4,,
c54SjBDshec,https://youtu.be/c54SjBDshec,Cheapest Place for Shopping in Iceland | Whale watching tour - Reykjavik,creativeCommon,False,video_0390.mp4,,
Z4YaphCbNcw,https://youtu.be/Z4YaphCbNcw,Honorary doctorate 2021: Prof. Peter L. Tyack (Faculty of Natural Sciences and Technical Sciences),creativeCommon,True,video_0391.mp4,0:40,0:55
JfG_sPCQVO0,https://youtu.be/JfG_sPCQVO0,7  Vanessa Pirotta   Australia   Famelab Final 2018,creativeCommon,False,video_0392.mp4,,
j0i5JVsooXU,https://youtu.be/j0i5JVsooXU,WATCH THIS! Orcas and White Shark IN South Australia!,creativeCommon,False,video_0393.mp4,,
baI-Tb0Qsrc,https://youtu.be/baI-Tb0Qsrc,‡§¶‡•Å‡§®‡§ø‡§Ø‡§æ ‡§ï‡§æ ‡§∏‡§¨‡§∏‡•á intelligent ‡§Æ‡§õ‡§≤‡•Ä | Amazing Facts in Hindi | #shorts,creativeCommon,False,video_0394.mp4,,
2_xHUYgnzFI,https://youtu.be/2_xHUYgnzFI,How many teeth does a Blue whale has?,creativeCommon,False,video_0395.mp4,,
CuBF8n7dMD4,https://youtu.be/CuBF8n7dMD4,Swim with giant whale shark: Australia üá¶üá∫ Ningaloo,creativeCommon,False,video_0396.mp4,,
05cM_7MeURo,https://youtu.be/05cM_7MeURo,Sailing Ocean Documentary| Dolphin Slaughter - Ocean Conservation SV AulaniAloha,creativeCommon,False,video_0397.mp4,,
kbJRxqIgEZ4,https://youtu.be/kbJRxqIgEZ4,Scientists Discover |  Different Kind of Killer Whale Off Chile,creativeCommon,False,video_0398.mp4,,
DIpxkm5UzDM,https://youtu.be/DIpxkm5UzDM,Animated Whale by Animal Makers,creativeCommon,False,video_0399.mp4,,
q2m2rUhrfm8,https://youtu.be/q2m2rUhrfm8,Channel Islands National Marine Sanctuary Overview,creativeCommon,True,video_0401.mp4,3:00,3:15
sIppbN0Fhf0,https://youtu.be/sIppbN0Fhf0,ÿ™ÿπŸÑŸäŸÖ ÿßŸÑŸÑÿ∫ÿ© ÿßŸÑÿßŸÜÿ¨ŸÑŸäÿ≤Ÿäÿ© ŸÖŸàÿ∂Ÿàÿπ ÿπŸÜ ÿßŸÑÿ≠Ÿàÿ™ whale,creativeCommon,False,video_0402.mp4,,
NCLpa6hQx-s,https://youtu.be/NCLpa6hQx-s,"Whales.#–ö–∏—Ç—ã -–≤–µ–ª–∏–∫–∞–Ω—ã,–∏—Ö –≤–µ–ª–∏—á–∏–µ.",creativeCommon,True,video_0403.mp4,0:05,0:20
q9P2tBTjTbE,https://youtu.be/q9P2tBTjTbE,Cartoon | Chicken Stew | English | 392 | Whale Buddy Back To The Sea,creativeCommon,False,video_0404.mp4,,
mmcvGpFJKhE,https://youtu.be/mmcvGpFJKhE,"Barra De Potosi, Mexico 1080HD",creativeCommon,False,video_0405.mp4,,
QUsoByNEuHU,https://youtu.be/QUsoByNEuHU,"Plavanje z morskimi psi kitovci (Whale Shark) - Oslob, FIlipini",creativeCommon,False,video_0406.mp4,,
OPxiPC8_piI,https://youtu.be/OPxiPC8_piI,Orcas with the Mackays of Port McNeill (HD),creativeCommon,False,video_0407.mp4,,
eeBJ3e4GzKE,https://youtu.be/eeBJ3e4GzKE,Clash of Clans - A WHALE FAIL!,creativeCommon,False,video_0408.mp4,,
ZG7k-wf95DU,https://youtu.be/ZG7k-wf95DU,Bar Harbor Maine Must Do - Virtual Tour -  Best Thing to Do in Bar Harbor Maine - Shore Path Trail,creativeCommon,False,video_0409.mp4,,
zVOPDBHEpPc,https://youtu.be/zVOPDBHEpPc,Ship to Hawaii: Shipping Updates (International Hawaii),creativeCommon,False,video_0410.mp4,,
9ucl8OsXqKo,https://youtu.be/9ucl8OsXqKo,Orcas,creativeCommon,False,video_0412.mp4,,
hzD1O0BBOxs,https://youtu.be/hzD1O0BBOxs,Ryh√§valas kala-altaassa,creativeCommon,False,video_0413.mp4,,
Mt-vCEnvDhM,https://youtu.be/Mt-vCEnvDhM,KHU V∆Ø·ªúN B·ªé HOANG C·ª¶A MEOWPEO B√ÇY GI·ªú RA SAO KH√ÅM PH√Å T√çNH NƒÇNG B·ªä L√ÉNG QU√äN TRONG MINI WORLD,creativeCommon,False,video_0415.mp4,,
Zs8q7bwfEF8,https://youtu.be/Zs8q7bwfEF8,"Fr., 08/10/18 [1Box RT] #27 - 2016 Panini SPECTRA Soccer (Football)",creativeCommon,False,video_0416.mp4,,
o1dxJ-CTyr8,https://youtu.be/o1dxJ-CTyr8,Exponential Growth &amp; Exponential Decay,creativeCommon,False,video_0417.mp4,,
fpPIDGAAJeU,https://youtu.be/fpPIDGAAJeU,Webinar: Improved decision-making for the moana,creativeCommon,False,video_0418.mp4,,
54b3r7OFriA,https://youtu.be/54b3r7OFriA,"What is SCRIMSHAW? What does SCRIMSHAW mean? SCRIMSHAW meaning, definition &amp; explanation",creativeCommon,False,video_0420.mp4,,
bwjyeCqWaVs,https://youtu.be/bwjyeCqWaVs,Dinosaur Submarine ü§ø -  Exploration Games For Sea Curious Children | Kids Learning |  Yateland,creativeCommon,False,video_0421.mp4,,
i1oxr-y6Irc,https://youtu.be/i1oxr-y6Irc,Stories from the Blue: Million Waves Project,creativeCommon,False,video_0422.mp4,,
f7GmxUSciPg,https://youtu.be/f7GmxUSciPg,H5P Dialog Cards,creativeCommon,False,video_0423.mp4,,
cnEIRM9fIq4,https://youtu.be/cnEIRM9fIq4,"What is BAIT BALL? What does BAIT BALL mean? BAIT BALL meaning, definition &amp; explanation",creativeCommon,False,video_0424.mp4,,
K1RzTZI9p5U,https://youtu.be/K1RzTZI9p5U,El Secreto del Sue√±o: Un mito aborigen australiano de la creaci√≥n,creativeCommon,False,video_0425.mp4,,
XIhVygewzsM,https://youtu.be/XIhVygewzsM,The World&#39;s Strangest Capital Cities,creativeCommon,False,video_0427.mp4,,
nYGZBz5iqe8,https://youtu.be/nYGZBz5iqe8,#HealyHustle | The Elephant Story - What do Elephants and Real Estate have in common?,creativeCommon,False,video_0428.mp4,,
uL8pTh8exNI,https://youtu.be/uL8pTh8exNI,ÌïòÏôÄÏù¥ Ï∫†Ìïë ÎπÖÏïÑÏùºÎûúÎìú Ïä§ÌéúÏÑú ÎπÑÏπòÌååÌÅ¨ (Feat. ÎßàÌï†Î°úÏùò ÏãúÌÅ¨Î¶ø ÎπÑÏπòÎèÑ Í≥µÍ∞úÌï©ÎãàÎã§),creativeCommon,False,video_0429.mp4,,
NG6uz2OTLUE,https://youtu.be/NG6uz2OTLUE,Sammy&#39;s Science House 11 3 2020 2 25 44 PM,creativeCommon,False,video_0430.mp4,,
